"reference_date","horizon","target","target_end_date","location","output_type","output_type_id","value"
2026-10-10,0,"wk flu hosp rate change",2026-10-10,"20","pmf","large_increase",0.000491035126882311
2026-10-10,0,"wk flu hosp rate change",2026-10-10,"55","pmf","large_increase",0.000695505960004672
2026-10-10,0,"wk flu hosp rate change",2026-10-10,"09","pmf","large_increase",0.00190411928005174
2026-10-10,0,"wk flu hosp rate change",2026-10-10,"16","pmf","large_increase",0.0132341662118922
2026-10-10,0,"wk flu hosp rate change",2026-10-10,"29","pmf","large_increase",0.00455123201010788
2026-10-10,0,"wk flu hosp rate change",2026-10-10,"40","pmf","large_increase",0.00327495013213253
2026-10-10,0,"wk flu hosp rate change",2026-10-10,"35","pmf","large_increase",0.000850075777313775
2026-10-10,0,"wk flu hosp rate change",2026-10-10,"US","pmf","large_increase",2.00030966992504e-05
2026-10-10,0,"wk flu hosp rate change",2026-10-10,"01","pmf","large_increase",0.00859275541503723
2026-10-10,0,"wk flu hosp rate change",2026-10-10,"47","pmf","large_increase",0.00259896131636761
2026-10-10,0,"wk flu hosp rate change",2026-10-10,"17","pmf","large_increase",0.00531742329917173
2026-10-10,0,"wk flu hosp rate change",2026-10-10,"45","pmf","large_increase",0.00146701892904033
2026-10-10,0,"wk flu hosp rate change",2026-10-10,"27","pmf","large_increase",0.00089274487306501
2026-10-10,0,"wk flu hosp rate change",2026-10-10,"30","pmf","large_increase",0.110007018680488
2026-10-10,0,"wk flu hosp rate change",2026-10-10,"04","pmf","large_increase",0.00507606989010723
2026-10-10,0,"wk flu hosp rate change",2026-10-10,"22","pmf","large_increase",0.0836647323764671
2026-10-10,0,"wk flu hosp rate change",2026-10-10,"28","pmf","large_increase",0.00780424265877844
2026-10-10,0,"wk flu hosp rate change",2026-10-10,"56","pmf","large_increase",0.0373703703703705
2026-10-10,0,"wk flu hosp rate change",2026-10-10,"18","pmf","large_increase",0.00676102759299757
2026-10-10,0,"wk flu hosp rate change",2026-10-10,"41","pmf","large_increase",0.0140986402387888
2026-10-10,0,"wk flu hosp rate change",2026-10-10,"23","pmf","large_increase",0.025
2026-10-10,0,"wk flu hosp rate change",2026-10-10,"48","pmf","large_increase",0.0112947170639863
2026-10-10,0,"wk flu hosp rate change",2026-10-10,"13","pmf","large_increase",0.000121391300178852
2026-10-10,0,"wk flu hosp rate change",2026-10-10,"38","pmf","large_increase",0.0126031746152724
2026-10-10,0,"wk flu hosp rate change",2026-10-10,"32","pmf","large_increase",0.0203332685197335
2026-10-10,0,"wk flu hosp rate change",2026-10-10,"36","pmf","large_increase",0.00205354508665401
2026-10-10,0,"wk flu hosp rate change",2026-10-10,"42","pmf","large_increase",0.0129831597247723
2026-10-10,0,"wk flu hosp rate change",2026-10-10,"15","pmf","large_increase",0.220248893208077
2026-10-10,0,"wk flu hosp rate change",2026-10-10,"21","pmf","large_increase",0.0200248545818746
2026-10-10,0,"wk flu hosp rate change",2026-10-10,"24","pmf","large_increase",6.5594300475702e-06
2026-10-10,0,"wk flu hosp rate change",2026-10-10,"31","pmf","large_increase",0.0111152708374318
2026-10-10,0,"wk flu hosp rate change",2026-10-10,"53","pmf","large_increase",0.0434608475424803
2026-10-10,0,"wk flu hosp rate change",2026-10-10,"50","pmf","large_increase",0.00180945306163072
2026-10-10,0,"wk flu hosp rate change",2026-10-10,"26","pmf","large_increase",0.000977391882901579
2026-10-10,0,"wk flu hosp rate change",2026-10-10,"06","pmf","large_increase",0.00349385927867907
2026-10-10,0,"wk flu hosp rate change",2026-10-10,"39","pmf","large_increase",0.00407127399439833
2026-10-10,0,"wk flu hosp rate change",2026-10-10,"08","pmf","large_increase",0.00102802360459353
2026-10-10,0,"wk flu hosp rate change",2026-10-10,"33","pmf","large_increase",0.00868260344478733
2026-10-10,0,"wk flu hosp rate change",2026-10-10,"44","pmf","large_increase",0.00779059935337656
2026-10-10,0,"wk flu hosp rate change",2026-10-10,"49","pmf","large_increase",0.00165708629599437
2026-10-10,0,"wk flu hosp rate change",2026-10-10,"11","pmf","large_increase",0.00711220057477291
2026-10-10,0,"wk flu hosp rate change",2026-10-10,"19","pmf","large_increase",0.0020078518949983
2026-10-10,0,"wk flu hosp rate change",2026-10-10,"12","pmf","large_increase",0.0815385328324878
2026-10-10,0,"wk flu hosp rate change",2026-10-10,"54","pmf","large_increase",0.00261718219342788
2026-10-10,0,"wk flu hosp rate change",2026-10-10,"05","pmf","large_increase",0.00261387364277588
2026-10-10,0,"wk flu hosp rate change",2026-10-10,"10","pmf","large_increase",0.0146509043199132
2026-10-10,0,"wk flu hosp rate change",2026-10-10,"34","pmf","large_increase",0.000895591913479654
2026-10-10,0,"wk flu hosp rate change",2026-10-10,"51","pmf","large_increase",2.16086496481749e-05
2026-10-10,0,"wk flu hosp rate change",2026-10-10,"02","pmf","large_increase",0.15
2026-10-10,0,"wk flu hosp rate change",2026-10-10,"25","pmf","large_increase",3.49292422063829e-06
2026-10-10,0,"wk flu hosp rate change",2026-10-10,"37","pmf","large_increase",0.00343377180799798
2026-10-10,0,"wk flu hosp rate change",2026-10-10,"46","pmf","large_increase",0.00777421071600337
2026-10-10,0,"wk flu hosp rate change",2026-10-10,"72","pmf","large_increase",0.167438966928763
2026-10-10,1,"wk flu hosp rate change",2026-10-17,"20","pmf","large_increase",1.91454090198162e-05
2026-10-10,1,"wk flu hosp rate change",2026-10-17,"55","pmf","large_increase",0.000104198265509892
2026-10-10,1,"wk flu hosp rate change",2026-10-17,"09","pmf","large_increase",0.00223724667186265
2026-10-10,1,"wk flu hosp rate change",2026-10-17,"16","pmf","large_increase",0.00523656665669758
2026-10-10,1,"wk flu hosp rate change",2026-10-17,"29","pmf","large_increase",0.000578869152620842
2026-10-10,1,"wk flu hosp rate change",2026-10-17,"40","pmf","large_increase",0.00368003225043234
2026-10-10,1,"wk flu hosp rate change",2026-10-17,"35","pmf","large_increase",0.000537976920911731
2026-10-10,1,"wk flu hosp rate change",2026-10-17,"US","pmf","large_increase",0.000755594212324739
2026-10-10,1,"wk flu hosp rate change",2026-10-17,"01","pmf","large_increase",0.00802522111559922
2026-10-10,1,"wk flu hosp rate change",2026-10-17,"47","pmf","large_increase",0.000695505960004672
2026-10-10,1,"wk flu hosp rate change",2026-10-17,"17","pmf","large_increase",0.00275865877585679
2026-10-10,1,"wk flu hosp rate change",2026-10-17,"45","pmf","large_increase",0.00209932209445973
2026-10-10,1,"wk flu hosp rate change",2026-10-17,"27","pmf","large_increase",0.000866939752732887
2026-10-10,1,"wk flu hosp rate change",2026-10-17,"30","pmf","large_increase",0.0684382888464522
2026-10-10,1,"wk flu hosp rate change",2026-10-17,"04","pmf","large_increase",0.00447155932684873
2026-10-10,1,"wk flu hosp rate change",2026-10-17,"22","pmf","large_increase",0.0767699367676196
2026-10-10,1,"wk flu hosp rate change",2026-10-17,"28","pmf","large_increase",0.00570484174259744
2026-10-10,1,"wk flu hosp rate change",2026-10-17,"56","pmf","large_increase",0.0286005830903794
2026-10-10,1,"wk flu hosp rate change",2026-10-17,"18","pmf","large_increase",0.00494004066187914
2026-10-10,1,"wk flu hosp rate change",2026-10-17,"41","pmf","large_increase",0.00910693066144663
2026-10-10,1,"wk flu hosp rate change",2026-10-17,"23","pmf","large_increase",0.0160008074106746
2026-10-10,1,"wk flu hosp rate change",2026-10-17,"48","pmf","large_increase",0.00674177317267077
2026-10-10,1,"wk flu hosp rate change",2026-10-17,"13","pmf","large_increase",4.71873755885088e-05
2026-10-10,1,"wk flu hosp rate change",2026-10-17,"38","pmf","large_increase",0.00540073171181987
2026-10-10,1,"wk flu hosp rate change",2026-10-17,"32","pmf","large_increase",0.01
2026-10-10,1,"wk flu hosp rate change",2026-10-17,"36","pmf","large_increase",0.00186043671798675
2026-10-10,1,"wk flu hosp rate change",2026-10-17,"42","pmf","large_increase",0.00808045228998033
2026-10-10,1,"wk flu hosp rate change",2026-10-17,"15","pmf","large_increase",0.213913184321347
2026-10-10,1,"wk flu hosp rate change",2026-10-17,"21","pmf","large_increase",0.0168275248921795
2026-10-10,1,"wk flu hosp rate change",2026-10-17,"24","pmf","large_increase",1.25175803455946e-06
2026-10-10,1,"wk flu hosp rate change",2026-10-17,"31","pmf","large_increase",0.0114006319094221
2026-10-10,1,"wk flu hosp rate change",2026-10-17,"53","pmf","large_increase",0.0257683294085185
2026-10-10,1,"wk flu hosp rate change",2026-10-17,"50","pmf","large_increase",0.000628184345797589
2026-10-10,1,"wk flu hosp rate change",2026-10-17,"26","pmf","large_increase",1.52489176038495e-05
2026-10-10,1,"wk flu hosp rate change",2026-10-17,"06","pmf","large_increase",0.00294906722114985
2026-10-10,1,"wk flu hosp rate change",2026-10-17,"39","pmf","large_increase",0.0011603392558398
2026-10-10,1,"wk flu hosp rate change",2026-10-17,"08","pmf","large_increase",0.00115454787000668
2026-10-10,1,"wk flu hosp rate change",2026-10-17,"33","pmf","large_increase",0.00603864863665304
2026-10-10,1,"wk flu hosp rate change",2026-10-17,"44","pmf","large_increase",0.0089615134551726
2026-10-10,1,"wk flu hosp rate change",2026-10-17,"49","pmf","large_increase",0.000186326153640115
2026-10-10,1,"wk flu hosp rate change",2026-10-17,"11","pmf","large_increase",0.00342989086976342
2026-10-10,1,"wk flu hosp rate change",2026-10-17,"19","pmf","large_increase",0.000306834983758275
2026-10-10,1,"wk flu hosp rate change",2026-10-17,"12","pmf","large_increase",0.0699258959338178
2026-10-10,1,"wk flu hosp rate change",2026-10-17,"54","pmf","large_increase",6.82030196148542e-05
2026-10-10,1,"wk flu hosp rate change",2026-10-17,"05","pmf","large_increase",0.00149494173650311
2026-10-10,1,"wk flu hosp rate change",2026-10-17,"10","pmf","large_increase",0.0109204647530693
2026-10-10,1,"wk flu hosp rate change",2026-10-17,"34","pmf","large_increase",0.0015889723675333
2026-10-10,1,"wk flu hosp rate change",2026-10-17,"51","pmf","large_increase",1.64294529370057e-06
2026-10-10,1,"wk flu hosp rate change",2026-10-17,"02","pmf","large_increase",0.0919099680688602
2026-10-10,1,"wk flu hosp rate change",2026-10-17,"25","pmf","large_increase",6.62131482309647e-07
2026-10-10,1,"wk flu hosp rate change",2026-10-17,"37","pmf","large_increase",0.00624751047952765
2026-10-10,1,"wk flu hosp rate change",2026-10-17,"46","pmf","large_increase",0.00348265409981274
2026-10-10,1,"wk flu hosp rate change",2026-10-17,"72","pmf","large_increase",0.120566331326287
2026-10-10,2,"wk flu hosp rate change",2026-10-24,"20","pmf","large_increase",0.000229153750107236
2026-10-10,2,"wk flu hosp rate change",2026-10-24,"55","pmf","large_increase",0.000498877891405347
2026-10-10,2,"wk flu hosp rate change",2026-10-24,"09","pmf","large_increase",0.00548130661304003
2026-10-10,2,"wk flu hosp rate change",2026-10-24,"16","pmf","large_increase",0.0117230680547319
2026-10-10,2,"wk flu hosp rate change",2026-10-24,"29","pmf","large_increase",0.00390016113437841
2026-10-10,2,"wk flu hosp rate change",2026-10-24,"40","pmf","large_increase",0.00767424089066238
2026-10-10,2,"wk flu hosp rate change",2026-10-24,"35","pmf","large_increase",0.00210600039252185
2026-10-10,2,"wk flu hosp rate change",2026-10-24,"US","pmf","large_increase",0.00286052679059023
2026-10-10,2,"wk flu hosp rate change",2026-10-24,"01","pmf","large_increase",0.0241929564820659
2026-10-10,2,"wk flu hosp rate change",2026-10-24,"47","pmf","large_increase",0.00530423943813552
2026-10-10,2,"wk flu hosp rate change",2026-10-24,"17","pmf","large_increase",0.0048003697818777
2026-10-10,2,"wk flu hosp rate change",2026-10-24,"45","pmf","large_increase",0.00842968214966255
2026-10-10,2,"wk flu hosp rate change",2026-10-24,"27","pmf","large_increase",0.0033251199513219
2026-10-10,2,"wk flu hosp rate change",2026-10-24,"30","pmf","large_increase",0.0551053113553116
2026-10-10,2,"wk flu hosp rate change",2026-10-24,"04","pmf","large_increase",0.0115718307638556
2026-10-10,2,"wk flu hosp rate change",2026-10-24,"22","pmf","large_increase",0.104360471960595
2026-10-10,2,"wk flu hosp rate change",2026-10-24,"28","pmf","large_increase",0.0090931178926873
2026-10-10,2,"wk flu hosp rate change",2026-10-24,"56","pmf","large_increase",0.0354510851959833
2026-10-10,2,"wk flu hosp rate change",2026-10-24,"18","pmf","large_increase",0.0145624960689188
2026-10-10,2,"wk flu hosp rate change",2026-10-24,"41","pmf","large_increase",0.0196269773925989
2026-10-10,2,"wk flu hosp rate change",2026-10-24,"23","pmf","large_increase",0.0306462585034013
2026-10-10,2,"wk flu hosp rate change",2026-10-24,"48","pmf","large_increase",0.0140749128515903
2026-10-10,2,"wk flu hosp rate change",2026-10-24,"13","pmf","large_increase",0.000320686143629345
2026-10-10,2,"wk flu hosp rate change",2026-10-24,"38","pmf","large_increase",0.00867925535348613
2026-10-10,2,"wk flu hosp rate change",2026-10-24,"32","pmf","large_increase",0.025
2026-10-10,2,"wk flu hosp rate change",2026-10-24,"36","pmf","large_increase",0.00852041091127476
2026-10-10,2,"wk flu hosp rate change",2026-10-24,"42","pmf","large_increase",0.0206224204161859
2026-10-10,2,"wk flu hosp rate change",2026-10-24,"15","pmf","large_increase",0.211325720764496
2026-10-10,2,"wk flu hosp rate change",2026-10-24,"21","pmf","large_increase",0.0338227265201951
2026-10-10,2,"wk flu hosp rate change",2026-10-24,"24","pmf","large_increase",3.64516883344379e-09
2026-10-10,2,"wk flu hosp rate change",2026-10-24,"31","pmf","large_increase",0.017236415838389
2026-10-10,2,"wk flu hosp rate change",2026-10-24,"53","pmf","large_increase",0.0335297330325658
2026-10-10,2,"wk flu hosp rate change",2026-10-24,"50","pmf","large_increase",0.000512302345414106
2026-10-10,2,"wk flu hosp rate change",2026-10-24,"26","pmf","large_increase",8.59847762236798e-05
2026-10-10,2,"wk flu hosp rate change",2026-10-24,"06","pmf","large_increase",0.0116614559387223
2026-10-10,2,"wk flu hosp rate change",2026-10-24,"39","pmf","large_increase",0.00746427330449584
2026-10-10,2,"wk flu hosp rate change",2026-10-24,"08","pmf","large_increase",0.00228974713536967
2026-10-10,2,"wk flu hosp rate change",2026-10-24,"33","pmf","large_increase",0.0109494362636613
2026-10-10,2,"wk flu hosp rate change",2026-10-24,"44","pmf","large_increase",0.0108807189978142
2026-10-10,2,"wk flu hosp rate change",2026-10-24,"49","pmf","large_increase",0.00221784188715901
2026-10-10,2,"wk flu hosp rate change",2026-10-24,"11","pmf","large_increase",0.00683477162403801
2026-10-10,2,"wk flu hosp rate change",2026-10-24,"19","pmf","large_increase",0.00190037008835597
2026-10-10,2,"wk flu hosp rate change",2026-10-24,"12","pmf","large_increase",0.108668440921342
2026-10-10,2,"wk flu hosp rate change",2026-10-24,"54","pmf","large_increase",0.000187992480150667
2026-10-10,2,"wk flu hosp rate change",2026-10-24,"05","pmf","large_increase",0.00499529145606759
2026-10-10,2,"wk flu hosp rate change",2026-10-24,"10","pmf","large_increase",0.0221894530627824
2026-10-10,2,"wk flu hosp rate change",2026-10-24,"34","pmf","large_increase",0.00430092769630686
2026-10-10,2,"wk flu hosp rate change",2026-10-24,"51","pmf","large_increase",2.91441155106931e-05
2026-10-10,2,"wk flu hosp rate change",2026-10-24,"02","pmf","large_increase",0.0942822820738273
2026-10-10,2,"wk flu hosp rate change",2026-10-24,"25","pmf","large_increase",0.000578338319235261
2026-10-10,2,"wk flu hosp rate change",2026-10-24,"37","pmf","large_increase",0.0121220522998571
2026-10-10,2,"wk flu hosp rate change",2026-10-24,"46","pmf","large_increase",0.00291267103570914
2026-10-10,2,"wk flu hosp rate change",2026-10-24,"72","pmf","large_increase",0.122517006802721
2026-10-10,3,"wk flu hosp rate change",2026-10-31,"20","pmf","large_increase",0.00232648581158712
2026-10-10,3,"wk flu hosp rate change",2026-10-31,"55","pmf","large_increase",0.00268194025335367
2026-10-10,3,"wk flu hosp rate change",2026-10-31,"09","pmf","large_increase",0.0134711442836208
2026-10-10,3,"wk flu hosp rate change",2026-10-31,"16","pmf","large_increase",0.0229630583947344
2026-10-10,3,"wk flu hosp rate change",2026-10-31,"29","pmf","large_increase",0.00803563173756894
2026-10-10,3,"wk flu hosp rate change",2026-10-31,"40","pmf","large_increase",0.0139330152828785
2026-10-10,3,"wk flu hosp rate change",2026-10-31,"35","pmf","large_increase",0.0112312370562652
2026-10-10,3,"wk flu hosp rate change",2026-10-31,"US","pmf","large_increase",0.01231637639107
2026-10-10,3,"wk flu hosp rate change",2026-10-31,"01","pmf","large_increase",0.0429630386685278
2026-10-10,3,"wk flu hosp rate change",2026-10-31,"47","pmf","large_increase",0.010334919591251
2026-10-10,3,"wk flu hosp rate change",2026-10-31,"17","pmf","large_increase",0.00898764590982393
2026-10-10,3,"wk flu hosp rate change",2026-10-31,"45","pmf","large_increase",0.0163187290039382
2026-10-10,3,"wk flu hosp rate change",2026-10-31,"27","pmf","large_increase",0.00767424089066238
2026-10-10,3,"wk flu hosp rate change",2026-10-31,"30","pmf","large_increase",0.0704148325997066
2026-10-10,3,"wk flu hosp rate change",2026-10-31,"04","pmf","large_increase",0.0236592223498462
2026-10-10,3,"wk flu hosp rate change",2026-10-31,"22","pmf","large_increase",0.134266317418491
2026-10-10,3,"wk flu hosp rate change",2026-10-31,"28","pmf","large_increase",0.0152312550416573
2026-10-10,3,"wk flu hosp rate change",2026-10-31,"56","pmf","large_increase",0.0416283546385586
2026-10-10,3,"wk flu hosp rate change",2026-10-31,"18","pmf","large_increase",0.0378995111081278
2026-10-10,3,"wk flu hosp rate change",2026-10-31,"41","pmf","large_increase",0.0319717165172948
2026-10-10,3,"wk flu hosp rate change",2026-10-31,"23","pmf","large_increase",0.066088879096398
2026-10-10,3,"wk flu hosp rate change",2026-10-31,"48","pmf","large_increase",0.0302086083909912
2026-10-10,3,"wk flu hosp rate change",2026-10-31,"13","pmf","large_increase",0.000360125404847977
2026-10-10,3,"wk flu hosp rate change",2026-10-31,"38","pmf","large_increase",0.0165474762368234
2026-10-10,3,"wk flu hosp rate change",2026-10-31,"32","pmf","large_increase",0.0225045319994974
2026-10-10,3,"wk flu hosp rate change",2026-10-31,"36","pmf","large_increase",0.0205939640198218
2026-10-10,3,"wk flu hosp rate change",2026-10-31,"42","pmf","large_increase",0.030953013246257
2026-10-10,3,"wk flu hosp rate change",2026-10-31,"15","pmf","large_increase",0.203513447605821
2026-10-10,3,"wk flu hosp rate change",2026-10-31,"21","pmf","large_increase",0.0772038119991337
2026-10-10,3,"wk flu hosp rate change",2026-10-31,"24","pmf","large_increase",6.04672558134345e-05
2026-10-10,3,"wk flu hosp rate change",2026-10-31,"31","pmf","large_increase",0.0287977810171686
2026-10-10,3,"wk flu hosp rate change",2026-10-31,"53","pmf","large_increase",0.0400445889116167
2026-10-10,3,"wk flu hosp rate change",2026-10-31,"50","pmf","large_increase",0.00398589817736816
2026-10-10,3,"wk flu hosp rate change",2026-10-31,"26","pmf","large_increase",0.00109071874465994
2026-10-10,3,"wk flu hosp rate change",2026-10-31,"06","pmf","large_increase",0.018814720950457
2026-10-10,3,"wk flu hosp rate change",2026-10-31,"39","pmf","large_increase",0.0128758501217541
2026-10-10,3,"wk flu hosp rate change",2026-10-31,"08","pmf","large_increase",0.00740577492061101
2026-10-10,3,"wk flu hosp rate change",2026-10-31,"33","pmf","large_increase",0.0225749966731139
2026-10-10,3,"wk flu hosp rate change",2026-10-31,"44","pmf","large_increase",0.0164202007936529
2026-10-10,3,"wk flu hosp rate change",2026-10-31,"49","pmf","large_increase",0.00279214022013463
2026-10-10,3,"wk flu hosp rate change",2026-10-31,"11","pmf","large_increase",0.00819073469270437
2026-10-10,3,"wk flu hosp rate change",2026-10-31,"19","pmf","large_increase",0.00766166043697947
2026-10-10,3,"wk flu hosp rate change",2026-10-31,"12","pmf","large_increase",0.149527312732846
2026-10-10,3,"wk flu hosp rate change",2026-10-31,"54","pmf","large_increase",0.00278903971693423
2026-10-10,3,"wk flu hosp rate change",2026-10-31,"05","pmf","large_increase",0.0143078041627681
2026-10-10,3,"wk flu hosp rate change",2026-10-31,"10","pmf","large_increase",0.0322461863533294
2026-10-10,3,"wk flu hosp rate change",2026-10-31,"34","pmf","large_increase",0.00943439153008396
2026-10-10,3,"wk flu hosp rate change",2026-10-31,"51","pmf","large_increase",6.70805692393195e-05
2026-10-10,3,"wk flu hosp rate change",2026-10-31,"02","pmf","large_increase",0.09
2026-10-10,3,"wk flu hosp rate change",2026-10-31,"25","pmf","large_increase",0.00204788710968518
2026-10-10,3,"wk flu hosp rate change",2026-10-31,"37","pmf","large_increase",0.0211856896787336
2026-10-10,3,"wk flu hosp rate change",2026-10-31,"46","pmf","large_increase",0.01
2026-10-10,3,"wk flu hosp rate change",2026-10-31,"72","pmf","large_increase",0.141088487046349
2026-10-10,0,"wk flu hosp rate change",2026-10-10,"20","pmf","increase",0.174508964873118
2026-10-10,0,"wk flu hosp rate change",2026-10-10,"55","pmf","increase",0.249304494039995
2026-10-10,0,"wk flu hosp rate change",2026-10-10,"09","pmf","increase",0.198095880719948
2026-10-10,0,"wk flu hosp rate change",2026-10-10,"16","pmf","increase",0.207608615345175
2026-10-10,0,"wk flu hosp rate change",2026-10-10,"29","pmf","increase",0.245448767989892
2026-10-10,0,"wk flu hosp rate change",2026-10-10,"40","pmf","increase",0.270166092951768
2026-10-10,0,"wk flu hosp rate change",2026-10-10,"35","pmf","increase",0.129890664963427
2026-10-10,0,"wk flu hosp rate change",2026-10-10,"US","pmf","increase",0.346586517064721
2026-10-10,0,"wk flu hosp rate change",2026-10-10,"01","pmf","increase",0.391407244584963
2026-10-10,0,"wk flu hosp rate change",2026-10-10,"47","pmf","increase",0.347401038683632
2026-10-10,0,"wk flu hosp rate change",2026-10-10,"17","pmf","increase",0.259665741683993
2026-10-10,0,"wk flu hosp rate change",2026-10-10,"45","pmf","increase",0.32353298107096
2026-10-10,0,"wk flu hosp rate change",2026-10-10,"27","pmf","increase",0.199107255126935
2026-10-10,0,"wk flu hosp rate change",2026-10-10,"30","pmf","increase",0.161875067487313
2026-10-10,0,"wk flu hosp rate change",2026-10-10,"04","pmf","increase",0.273627093915097
2026-10-10,0,"wk flu hosp rate change",2026-10-10,"22","pmf","increase",0.395935742734212
2026-10-10,0,"wk flu hosp rate change",2026-10-10,"28","pmf","increase",0.314077843509022
2026-10-10,0,"wk flu hosp rate change",2026-10-10,"56","pmf","increase",0
2026-10-10,0,"wk flu hosp rate change",2026-10-10,"18","pmf","increase",0.355973828254103
2026-10-10,0,"wk flu hosp rate change",2026-10-10,"41","pmf","increase",0.400729672038503
2026-10-10,0,"wk flu hosp rate change",2026-10-10,"23","pmf","increase",0.15
2026-10-10,0,"wk flu hosp rate change",2026-10-10,"48","pmf","increase",0.422223801454532
2026-10-10,0,"wk flu hosp rate change",2026-10-10,"13","pmf","increase",0.17646752998262
2026-10-10,0,"wk flu hosp rate change",2026-10-10,"38","pmf","increase",0.0178597883476908
2026-10-10,0,"wk flu hosp rate change",2026-10-10,"32","pmf","increase",0.399989860731967
2026-10-10,0,"wk flu hosp rate change",2026-10-10,"36","pmf","increase",0.292529967718433
2026-10-10,0,"wk flu hosp rate change",2026-10-10,"42","pmf","increase",0.412016840275228
2026-10-10,0,"wk flu hosp rate change",2026-10-10,"15","pmf","increase",0.179751106791923
2026-10-10,0,"wk flu hosp rate change",2026-10-10,"21","pmf","increase",0.412845515788496
2026-10-10,0,"wk flu hosp rate change",2026-10-10,"24","pmf","increase",0.132268572845085
2026-10-10,0,"wk flu hosp rate change",2026-10-10,"31","pmf","increase",0.162845424551835
2026-10-10,0,"wk flu hosp rate change",2026-10-10,"53","pmf","increase",0.399396295314663
2026-10-10,0,"wk flu hosp rate change",2026-10-10,"50","pmf","increase",0.00153892134905309
2026-10-10,0,"wk flu hosp rate change",2026-10-10,"26","pmf","increase",0.179886805647963
2026-10-10,0,"wk flu hosp rate change",2026-10-10,"06","pmf","increase",0.412459701632865
2026-10-10,0,"wk flu hosp rate change",2026-10-10,"39","pmf","increase",0.262965763042639
2026-10-10,0,"wk flu hosp rate change",2026-10-10,"08","pmf","increase",0.272413019479307
2026-10-10,0,"wk flu hosp rate change",2026-10-10,"33","pmf","increase",0.0616405258069135
2026-10-10,0,"wk flu hosp rate change",2026-10-10,"44","pmf","increase",0.0560982895355124
2026-10-10,0,"wk flu hosp rate change",2026-10-10,"49","pmf","increase",0.248342913704006
2026-10-10,0,"wk flu hosp rate change",2026-10-10,"11","pmf","increase",0.0063071149563545
2026-10-10,0,"wk flu hosp rate change",2026-10-10,"19","pmf","increase",0.247992148105002
2026-10-10,0,"wk flu hosp rate change",2026-10-10,"12","pmf","increase",0.498773515086354
2026-10-10,0,"wk flu hosp rate change",2026-10-10,"54","pmf","increase",0.0346281881769425
2026-10-10,0,"wk flu hosp rate change",2026-10-10,"05","pmf","increase",0.218228907914291
2026-10-10,0,"wk flu hosp rate change",2026-10-10,"10","pmf","increase",0.0264007408279419
2026-10-10,0,"wk flu hosp rate change",2026-10-10,"34","pmf","increase",0.318505120752539
2026-10-10,0,"wk flu hosp rate change",2026-10-10,"51","pmf","increase",0.176686630201448
2026-10-10,0,"wk flu hosp rate change",2026-10-10,"02","pmf","increase",0.0499999999999999
2026-10-10,0,"wk flu hosp rate change",2026-10-10,"25","pmf","increase",0.0999965070757793
2026-10-10,0,"wk flu hosp rate change",2026-10-10,"37","pmf","increase",0.264172318247072
2026-10-10,0,"wk flu hosp rate change",2026-10-10,"46","pmf","increase",0.0226887522469597
2026-10-10,0,"wk flu hosp rate change",2026-10-10,"72","pmf","increase",0.444686073563624
2026-10-10,1,"wk flu hosp rate change",2026-10-17,"20","pmf","increase",0.180999373109499
2026-10-10,1,"wk flu hosp rate change",2026-10-17,"55","pmf","increase",0.215636542475231
2026-10-10,1,"wk flu hosp rate change",2026-10-17,"09","pmf","increase",0.247762753328137
2026-10-10,1,"wk flu hosp rate change",2026-10-17,"16","pmf","increase",0.394763433343302
2026-10-10,1,"wk flu hosp rate change",2026-10-17,"29","pmf","increase",0.238069090031053
2026-10-10,1,"wk flu hosp rate change",2026-10-17,"40","pmf","increase",0.280579227008827
2026-10-10,1,"wk flu hosp rate change",2026-10-17,"35","pmf","increase",0.199462023079088
2026-10-10,1,"wk flu hosp rate change",2026-10-17,"US","pmf","increase",0.384506966087586
2026-10-10,1,"wk flu hosp rate change",2026-10-17,"01","pmf","increase",0.421676754912907
2026-10-10,1,"wk flu hosp rate change",2026-10-17,"47","pmf","increase",0.336949919557141
2026-10-10,1,"wk flu hosp rate change",2026-10-17,"17","pmf","increase",0.224522412382765
2026-10-10,1,"wk flu hosp rate change",2026-10-17,"45","pmf","increase",0.309700159602981
2026-10-10,1,"wk flu hosp rate change",2026-10-17,"27","pmf","increase",0.187732203608315
2026-10-10,1,"wk flu hosp rate change",2026-10-17,"30","pmf","increase",0.331561711153548
2026-10-10,1,"wk flu hosp rate change",2026-10-17,"04","pmf","increase",0.307060672613547
2026-10-10,1,"wk flu hosp rate change",2026-10-17,"22","pmf","increase",0.465970633005263
2026-10-10,1,"wk flu hosp rate change",2026-10-17,"28","pmf","increase",0.327628491590736
2026-10-10,1,"wk flu hosp rate change",2026-10-17,"56","pmf","increase",0.0713994169096208
2026-10-10,1,"wk flu hosp rate change",2026-10-17,"18","pmf","increase",0.395059959338121
2026-10-10,1,"wk flu hosp rate change",2026-10-17,"41","pmf","increase",0.390893069338553
2026-10-10,1,"wk flu hosp rate change",2026-10-17,"23","pmf","increase",0.24881400740414
2026-10-10,1,"wk flu hosp rate change",2026-10-17,"48","pmf","increase",0.450163335809698
2026-10-10,1,"wk flu hosp rate change",2026-10-17,"13","pmf","increase",0.163145232449485
2026-10-10,1,"wk flu hosp rate change",2026-10-17,"38","pmf","increase",0.0577474164363284
2026-10-10,1,"wk flu hosp rate change",2026-10-17,"32","pmf","increase",0.49
2026-10-10,1,"wk flu hosp rate change",2026-10-17,"36","pmf","increase",0.328331926858518
2026-10-10,1,"wk flu hosp rate change",2026-10-17,"42","pmf","increase",0.406642579779991
2026-10-10,1,"wk flu hosp rate change",2026-10-17,"15","pmf","increase",0.299362919771083
2026-10-10,1,"wk flu hosp rate change",2026-10-17,"21","pmf","increase",0.408172475107821
2026-10-10,1,"wk flu hosp rate change",2026-10-17,"24","pmf","increase",0.123751582709086
2026-10-10,1,"wk flu hosp rate change",2026-10-17,"31","pmf","increase",0.288599368090578
2026-10-10,1,"wk flu hosp rate change",2026-10-17,"53","pmf","increase",0.450270975202215
2026-10-10,1,"wk flu hosp rate change",2026-10-17,"50","pmf","increase",0.0173314734197662
2026-10-10,1,"wk flu hosp rate change",2026-10-17,"26","pmf","increase",0.165588492578995
2026-10-10,1,"wk flu hosp rate change",2026-10-17,"06","pmf","increase",0.464168067196604
2026-10-10,1,"wk flu hosp rate change",2026-10-17,"39","pmf","increase",0.284189514971565
2026-10-10,1,"wk flu hosp rate change",2026-10-17,"08","pmf","increase",0.273536810154685
2026-10-10,1,"wk flu hosp rate change",2026-10-17,"33","pmf","increase",0.167922046752614
2026-10-10,1,"wk flu hosp rate change",2026-10-17,"44","pmf","increase",0.141038486544828
2026-10-10,1,"wk flu hosp rate change",2026-10-17,"49","pmf","increase",0.24981367384636
2026-10-10,1,"wk flu hosp rate change",2026-10-17,"11","pmf","increase",0.0268664054265331
2026-10-10,1,"wk flu hosp rate change",2026-10-17,"19","pmf","increase",0.23071168353476
2026-10-10,1,"wk flu hosp rate change",2026-10-17,"12","pmf","increase",0.545185319381479
2026-10-10,1,"wk flu hosp rate change",2026-10-17,"54","pmf","increase",0.123372840064286
2026-10-10,1,"wk flu hosp rate change",2026-10-17,"05","pmf","increase",0.273505058263497
2026-10-10,1,"wk flu hosp rate change",2026-10-17,"10","pmf","increase",0.0999260960934918
2026-10-10,1,"wk flu hosp rate change",2026-10-17,"34","pmf","increase",0.304795867282613
2026-10-10,1,"wk flu hosp rate change",2026-10-17,"51","pmf","increase",0.160464912419221
2026-10-10,1,"wk flu hosp rate change",2026-10-17,"02","pmf","increase",0.182050727320407
2026-10-10,1,"wk flu hosp rate change",2026-10-17,"25","pmf","increase",0.0792940794081571
2026-10-10,1,"wk flu hosp rate change",2026-10-17,"37","pmf","increase",0.327394464829114
2026-10-10,1,"wk flu hosp rate change",2026-10-17,"46","pmf","increase",0.0625090046423652
2026-10-10,1,"wk flu hosp rate change",2026-10-17,"72","pmf","increase",0.479433668673713
2026-10-10,2,"wk flu hosp rate change",2026-10-24,"20","pmf","increase",0.199770846249893
2026-10-10,2,"wk flu hosp rate change",2026-10-24,"55","pmf","increase",0.237952987703317
2026-10-10,2,"wk flu hosp rate change",2026-10-24,"09","pmf","increase",0.307893328955473
2026-10-10,2,"wk flu hosp rate change",2026-10-24,"16","pmf","increase",0.412237627334535
2026-10-10,2,"wk flu hosp rate change",2026-10-24,"29","pmf","increase",0.274994749109574
2026-10-10,2,"wk flu hosp rate change",2026-10-24,"40","pmf","increase",0.282191864281565
2026-10-10,2,"wk flu hosp rate change",2026-10-24,"35","pmf","increase",0.221023251308158
2026-10-10,2,"wk flu hosp rate change",2026-10-24,"US","pmf","increase",0.479922938349774
2026-10-10,2,"wk flu hosp rate change",2026-10-24,"01","pmf","increase",0.425807043517934
2026-10-10,2,"wk flu hosp rate change",2026-10-24,"47","pmf","increase",0.394695760561865
2026-10-10,2,"wk flu hosp rate change",2026-10-24,"17","pmf","increase",0.256768455279011
2026-10-10,2,"wk flu hosp rate change",2026-10-24,"45","pmf","increase",0.332022212894069
2026-10-10,2,"wk flu hosp rate change",2026-10-24,"27","pmf","increase",0.238935680472744
2026-10-10,2,"wk flu hosp rate change",2026-10-24,"30","pmf","increase",0.412487281237281
2026-10-10,2,"wk flu hosp rate change",2026-10-24,"04","pmf","increase",0.410539481959702
2026-10-10,2,"wk flu hosp rate change",2026-10-24,"22","pmf","increase",0.506142680719429
2026-10-10,2,"wk flu hosp rate change",2026-10-24,"28","pmf","increase",0.319460118960944
2026-10-10,2,"wk flu hosp rate change",2026-10-24,"56","pmf","increase",0.12751187776698
2026-10-10,2,"wk flu hosp rate change",2026-10-24,"18","pmf","increase",0.42914813633219
2026-10-10,2,"wk flu hosp rate change",2026-10-24,"41","pmf","increase",0.392873022607401
2026-10-10,2,"wk flu hosp rate change",2026-10-24,"23","pmf","increase",0.369353741496599
2026-10-10,2,"wk flu hosp rate change",2026-10-24,"48","pmf","increase",0.497839769688092
2026-10-10,2,"wk flu hosp rate change",2026-10-24,"13","pmf","increase",0.213479119492911
2026-10-10,2,"wk flu hosp rate change",2026-10-24,"38","pmf","increase",0.141320744646514
2026-10-10,2,"wk flu hosp rate change",2026-10-24,"32","pmf","increase",0.494299211748191
2026-10-10,2,"wk flu hosp rate change",2026-10-24,"36","pmf","increase",0.371942557289314
2026-10-10,2,"wk flu hosp rate change",2026-10-24,"42","pmf","increase",0.429377579583814
2026-10-10,2,"wk flu hosp rate change",2026-10-24,"15","pmf","increase",0.388674279235504
2026-10-10,2,"wk flu hosp rate change",2026-10-24,"21","pmf","increase",0.474097134545924
2026-10-10,2,"wk flu hosp rate change",2026-10-24,"24","pmf","increase",0.144049077627552
2026-10-10,2,"wk flu hosp rate change",2026-10-24,"31","pmf","increase",0.32027033289285
2026-10-10,2,"wk flu hosp rate change",2026-10-24,"53","pmf","increase",0.454885872525897
2026-10-10,2,"wk flu hosp rate change",2026-10-24,"50","pmf","increase",0.0369414013582896
2026-10-10,2,"wk flu hosp rate change",2026-10-24,"26","pmf","increase",0.199914015223776
2026-10-10,2,"wk flu hosp rate change",2026-10-24,"06","pmf","increase",0.50782105590815
2026-10-10,2,"wk flu hosp rate change",2026-10-24,"39","pmf","increase",0.338144552236302
2026-10-10,2,"wk flu hosp rate change",2026-10-24,"08","pmf","increase",0.331075980107909
2026-10-10,2,"wk flu hosp rate change",2026-10-24,"33","pmf","increase",0.289050563736339
2026-10-10,2,"wk flu hosp rate change",2026-10-24,"44","pmf","increase",0.239119281002186
2026-10-10,2,"wk flu hosp rate change",2026-10-24,"49","pmf","increase",0.265585851018575
2026-10-10,2,"wk flu hosp rate change",2026-10-24,"11","pmf","increase",0.0789105582539449
2026-10-10,2,"wk flu hosp rate change",2026-10-24,"19","pmf","increase",0.272476047145204
2026-10-10,2,"wk flu hosp rate change",2026-10-24,"12","pmf","increase",0.544421108957567
2026-10-10,2,"wk flu hosp rate change",2026-10-24,"54","pmf","increase",0.224812007519849
2026-10-10,2,"wk flu hosp rate change",2026-10-24,"05","pmf","increase",0.317926099322466
2026-10-10,2,"wk flu hosp rate change",2026-10-24,"10","pmf","increase",0.177810546937218
2026-10-10,2,"wk flu hosp rate change",2026-10-24,"34","pmf","increase",0.340780596977055
2026-10-10,2,"wk flu hosp rate change",2026-10-24,"51","pmf","increase",0.199970855884489
2026-10-10,2,"wk flu hosp rate change",2026-10-24,"02","pmf","increase",0.22967841331544
2026-10-10,2,"wk flu hosp rate change",2026-10-24,"25","pmf","increase",0.149421661680765
2026-10-10,2,"wk flu hosp rate change",2026-10-24,"37","pmf","increase",0.398805115770168
2026-10-10,2,"wk flu hosp rate change",2026-10-24,"46","pmf","increase",0.147087328964291
2026-10-10,2,"wk flu hosp rate change",2026-10-24,"72","pmf","increase",0.477482993197279
2026-10-10,3,"wk flu hosp rate change",2026-10-31,"20","pmf","increase",0.23657536064128
2026-10-10,3,"wk flu hosp rate change",2026-10-31,"55","pmf","increase",0.260934496220226
2026-10-10,3,"wk flu hosp rate change",2026-10-31,"09","pmf","increase",0.322486095755252
2026-10-10,3,"wk flu hosp rate change",2026-10-31,"16","pmf","increase",0.400997636994532
2026-10-10,3,"wk flu hosp rate change",2026-10-31,"29","pmf","increase",0.2986831596751
2026-10-10,3,"wk flu hosp rate change",2026-10-31,"40","pmf","increase",0.293565095072375
2026-10-10,3,"wk flu hosp rate change",2026-10-31,"35","pmf","increase",0.2508773365319
2026-10-10,3,"wk flu hosp rate change",2026-10-31,"US","pmf","increase",0.417585695496288
2026-10-10,3,"wk flu hosp rate change",2026-10-31,"01","pmf","increase",0.430374073954299
2026-10-10,3,"wk flu hosp rate change",2026-10-31,"47","pmf","increase",0.411265274117786
2026-10-10,3,"wk flu hosp rate change",2026-10-31,"17","pmf","increase",0.279794021905858
2026-10-10,3,"wk flu hosp rate change",2026-10-31,"45","pmf","increase",0.359464584321392
2026-10-10,3,"wk flu hosp rate change",2026-10-31,"27","pmf","increase",0.263863480017807
2026-10-10,3,"wk flu hosp rate change",2026-10-31,"30","pmf","increase",0.447177759992886
2026-10-10,3,"wk flu hosp rate change",2026-10-31,"04","pmf","increase",0.391617555027772
2026-10-10,3,"wk flu hosp rate change",2026-10-31,"22","pmf","increase",0.500130449835419
2026-10-10,3,"wk flu hosp rate change",2026-10-31,"28","pmf","increase",0.37463485013057
2026-10-10,3,"wk flu hosp rate change",2026-10-31,"56","pmf","increase",0.208371645361441
2026-10-10,3,"wk flu hosp rate change",2026-10-31,"18","pmf","increase",0.443026071246026
2026-10-10,3,"wk flu hosp rate change",2026-10-31,"41","pmf","increase",0.386482914012166
2026-10-10,3,"wk flu hosp rate change",2026-10-31,"23","pmf","increase",0.383911120903602
2026-10-10,3,"wk flu hosp rate change",2026-10-31,"48","pmf","increase",0.479612414964516
2026-10-10,3,"wk flu hosp rate change",2026-10-31,"13","pmf","increase",0.241849139253396
2026-10-10,3,"wk flu hosp rate change",2026-10-31,"38","pmf","increase",0.233452523763177
2026-10-10,3,"wk flu hosp rate change",2026-10-31,"32","pmf","increase",0.511013986519021
2026-10-10,3,"wk flu hosp rate change",2026-10-31,"36","pmf","increase",0.396061809400657
2026-10-10,3,"wk flu hosp rate change",2026-10-31,"42","pmf","increase",0.39204208128403
2026-10-10,3,"wk flu hosp rate change",2026-10-31,"15","pmf","increase",0.373330575717794
2026-10-10,3,"wk flu hosp rate change",2026-10-31,"21","pmf","increase",0.455820879358891
2026-10-10,3,"wk flu hosp rate change",2026-10-31,"24","pmf","increase",0.155635486265827
2026-10-10,3,"wk flu hosp rate change",2026-10-31,"31","pmf","increase",0.310582415505885
2026-10-10,3,"wk flu hosp rate change",2026-10-31,"53","pmf","increase",0.485658699922714
2026-10-10,3,"wk flu hosp rate change",2026-10-31,"50","pmf","increase",0.0794243706920843
2026-10-10,3,"wk flu hosp rate change",2026-10-31,"26","pmf","increase",0.209541364776579
2026-10-10,3,"wk flu hosp rate change",2026-10-31,"06","pmf","increase",0.493631297254387
2026-10-10,3,"wk flu hosp rate change",2026-10-31,"39","pmf","increase",0.341101091304167
2026-10-10,3,"wk flu hosp rate change",2026-10-31,"08","pmf","increase",0.367178503235096
2026-10-10,3,"wk flu hosp rate change",2026-10-31,"33","pmf","increase",0.345943521845405
2026-10-10,3,"wk flu hosp rate change",2026-10-31,"44","pmf","increase",0.315061280687829
2026-10-10,3,"wk flu hosp rate change",2026-10-31,"49","pmf","increase",0.282606304872188
2026-10-10,3,"wk flu hosp rate change",2026-10-31,"11","pmf","increase",0.141809265307296
2026-10-10,3,"wk flu hosp rate change",2026-10-31,"19","pmf","increase",0.280147431453745
2026-10-10,3,"wk flu hosp rate change",2026-10-31,"12","pmf","increase",0.486854525685825
2026-10-10,3,"wk flu hosp rate change",2026-10-31,"54","pmf","increase",0.211099849171954
2026-10-10,3,"wk flu hosp rate change",2026-10-31,"05","pmf","increase",0.350990219808725
2026-10-10,3,"wk flu hosp rate change",2026-10-31,"10","pmf","increase",0.250161221054078
2026-10-10,3,"wk flu hosp rate change",2026-10-31,"34","pmf","increase",0.331295079863003
2026-10-10,3,"wk flu hosp rate change",2026-10-31,"51","pmf","increase",0.187354589548083
2026-10-10,3,"wk flu hosp rate change",2026-10-31,"02","pmf","increase",0.275740740740741
2026-10-10,3,"wk flu hosp rate change",2026-10-31,"25","pmf","increase",0.190517862604467
2026-10-10,3,"wk flu hosp rate change",2026-10-31,"37","pmf","increase",0.378814310321266
2026-10-10,3,"wk flu hosp rate change",2026-10-31,"46","pmf","increase",0.24
2026-10-10,3,"wk flu hosp rate change",2026-10-31,"72","pmf","increase",0.439561747073272
2026-10-10,0,"wk flu hosp rate change",2026-10-10,"20","pmf","stable",0.821475920721162
2026-10-10,0,"wk flu hosp rate change",2026-10-10,"55","pmf","stable",0.725
2026-10-10,0,"wk flu hosp rate change",2026-10-10,"09","pmf","stable",0.75
2026-10-10,0,"wk flu hosp rate change",2026-10-10,"16","pmf","stable",0.769157218442933
2026-10-10,0,"wk flu hosp rate change",2026-10-10,"29","pmf","stable",0.74
2026-10-10,0,"wk flu hosp rate change",2026-10-10,"40","pmf","stable",0.661744142101285
2026-10-10,0,"wk flu hosp rate change",2026-10-10,"35","pmf","stable",0.869259259259259
2026-10-10,0,"wk flu hosp rate change",2026-10-10,"US","pmf","stable",0.646278414729014
2026-10-10,0,"wk flu hosp rate change",2026-10-10,"01","pmf","stable",0.529157218442933
2026-10-10,0,"wk flu hosp rate change",2026-10-10,"47","pmf","stable",0.589372098045567
2026-10-10,0,"wk flu hosp rate change",2026-10-10,"17","pmf","stable",0.716723905914804
2026-10-10,0,"wk flu hosp rate change",2026-10-10,"45","pmf","stable",0.639869614512471
2026-10-10,0,"wk flu hosp rate change",2026-10-10,"27","pmf","stable",0.775
2026-10-10,0,"wk flu hosp rate change",2026-10-10,"30","pmf","stable",0.7031179138322
2026-10-10,0,"wk flu hosp rate change",2026-10-10,"04","pmf","stable",0.648702084008206
2026-10-10,0,"wk flu hosp rate change",2026-10-10,"22","pmf","stable",0.320399524889321
2026-10-10,0,"wk flu hosp rate change",2026-10-10,"28","pmf","stable",0.645895691609977
2026-10-10,0,"wk flu hosp rate change",2026-10-10,"56","pmf","stable",0.96262962962963
2026-10-10,0,"wk flu hosp rate change",2026-10-10,"18","pmf","stable",0.587265144152899
2026-10-10,0,"wk flu hosp rate change",2026-10-10,"41","pmf","stable",0.535171687722708
2026-10-10,0,"wk flu hosp rate change",2026-10-10,"23","pmf","stable",0.810332078857026
2026-10-10,0,"wk flu hosp rate change",2026-10-10,"48","pmf","stable",0.533583602695737
2026-10-10,0,"wk flu hosp rate change",2026-10-10,"13","pmf","stable",0.819162733622949
2026-10-10,0,"wk flu hosp rate change",2026-10-10,"38","pmf","stable",0.969537037037037
2026-10-10,0,"wk flu hosp rate change",2026-10-10,"32","pmf","stable",0.479676870748299
2026-10-10,0,"wk flu hosp rate change",2026-10-10,"36","pmf","stable",0.691642761092952
2026-10-10,0,"wk flu hosp rate change",2026-10-10,"42","pmf","stable",0.52232230795156
2026-10-10,0,"wk flu hosp rate change",2026-10-10,"15","pmf","stable",0.35
2026-10-10,0,"wk flu hosp rate change",2026-10-10,"21","pmf","stable",0.486574074074074
2026-10-10,0,"wk flu hosp rate change",2026-10-10,"24","pmf","stable",0.867724867724868
2026-10-10,0,"wk flu hosp rate change",2026-10-10,"31","pmf","stable",0.726039304610733
2026-10-10,0,"wk flu hosp rate change",2026-10-10,"53","pmf","stable",0.412231175538999
2026-10-10,0,"wk flu hosp rate change",2026-10-10,"50","pmf","stable",0.996651625589316
2026-10-10,0,"wk flu hosp rate change",2026-10-10,"26","pmf","stable",0.815592339451312
2026-10-10,0,"wk flu hosp rate change",2026-10-10,"06","pmf","stable",0.525872992839208
2026-10-10,0,"wk flu hosp rate change",2026-10-10,"39","pmf","stable",0.710123594159214
2026-10-10,0,"wk flu hosp rate change",2026-10-10,"08","pmf","stable",0.697894665802829
2026-10-10,0,"wk flu hosp rate change",2026-10-10,"33","pmf","stable",0.929676870748299
2026-10-10,0,"wk flu hosp rate change",2026-10-10,"44","pmf","stable",0.936111111111111
2026-10-10,0,"wk flu hosp rate change",2026-10-10,"49","pmf","stable",0.710555555555556
2026-10-10,0,"wk flu hosp rate change",2026-10-10,"11","pmf","stable",0.986580684468873
2026-10-10,0,"wk flu hosp rate change",2026-10-10,"19","pmf","stable",0.725
2026-10-10,0,"wk flu hosp rate change",2026-10-10,"12","pmf","stable",0.289090791168726
2026-10-10,0,"wk flu hosp rate change",2026-10-10,"54","pmf","stable",0.96275462962963
2026-10-10,0,"wk flu hosp rate change",2026-10-10,"05","pmf","stable",0.743839758125472
2026-10-10,0,"wk flu hosp rate change",2026-10-10,"10","pmf","stable",0.958948354852145
2026-10-10,0,"wk flu hosp rate change",2026-10-10,"34","pmf","stable",0.630599287333981
2026-10-10,0,"wk flu hosp rate change",2026-10-10,"51","pmf","stable",0.82060982089555
2026-10-10,0,"wk flu hosp rate change",2026-10-10,"02","pmf","stable",0.735185185185185
2026-10-10,0,"wk flu hosp rate change",2026-10-10,"25","pmf","stable",0.9
2026-10-10,0,"wk flu hosp rate change",2026-10-10,"37","pmf","stable",0.689442284850448
2026-10-10,0,"wk flu hosp rate change",2026-10-10,"46","pmf","stable",0.969537037037037
2026-10-10,0,"wk flu hosp rate change",2026-10-10,"72","pmf","stable",0.20554691717957
2026-10-10,1,"wk flu hosp rate change",2026-10-17,"20","pmf","stable",0.818981481481481
2026-10-10,1,"wk flu hosp rate change",2026-10-17,"55","pmf","stable",0.783149302096542
2026-10-10,1,"wk flu hosp rate change",2026-10-17,"09","pmf","stable",0.744923930109893
2026-10-10,1,"wk flu hosp rate change",2026-10-17,"16","pmf","stable",0.575
2026-10-10,1,"wk flu hosp rate change",2026-10-17,"29","pmf","stable",0.759938032783301
2026-10-10,1,"wk flu hosp rate change",2026-10-17,"40","pmf","stable",0.713726505406208
2026-10-10,1,"wk flu hosp rate change",2026-10-17,"35","pmf","stable",0.8
2026-10-10,1,"wk flu hosp rate change",2026-10-17,"US","pmf","stable",0.614265498477443
2026-10-10,1,"wk flu hosp rate change",2026-10-17,"01","pmf","stable",0.548582019618303
2026-10-10,1,"wk flu hosp rate change",2026-10-17,"47","pmf","stable",0.642674404481453
2026-10-10,1,"wk flu hosp rate change",2026-10-17,"17","pmf","stable",0.772069285615062
2026-10-10,1,"wk flu hosp rate change",2026-10-17,"45","pmf","stable",0.684657055284735
2026-10-10,1,"wk flu hosp rate change",2026-10-17,"27","pmf","stable",0.811400856638952
2026-10-10,1,"wk flu hosp rate change",2026-10-17,"30","pmf","stable",0.575
2026-10-10,1,"wk flu hosp rate change",2026-10-17,"04","pmf","stable",0.675881791610795
2026-10-10,1,"wk flu hosp rate change",2026-10-17,"22","pmf","stable",0.336640522490863
2026-10-10,1,"wk flu hosp rate change",2026-10-17,"28","pmf","stable",0.659493564062922
2026-10-10,1,"wk flu hosp rate change",2026-10-17,"56","pmf","stable",0.9
2026-10-10,1,"wk flu hosp rate change",2026-10-17,"18","pmf","stable",0.585047475378561
2026-10-10,1,"wk flu hosp rate change",2026-10-17,"41","pmf","stable",0.583416235289349
2026-10-10,1,"wk flu hosp rate change",2026-10-17,"23","pmf","stable",0.710185185185185
2026-10-10,1,"wk flu hosp rate change",2026-10-17,"48","pmf","stable",0.53064568208406
2026-10-10,1,"wk flu hosp rate change",2026-10-17,"13","pmf","stable",0.836807580174927
2026-10-10,1,"wk flu hosp rate change",2026-10-17,"38","pmf","stable",0.936851851851852
2026-10-10,1,"wk flu hosp rate change",2026-10-17,"32","pmf","stable",0.45
2026-10-10,1,"wk flu hosp rate change",2026-10-17,"36","pmf","stable",0.668790853661206
2026-10-10,1,"wk flu hosp rate change",2026-10-17,"42","pmf","stable",0.561451717949039
2026-10-10,1,"wk flu hosp rate change",2026-10-17,"15","pmf","stable",0.261723895907569
2026-10-10,1,"wk flu hosp rate change",2026-10-17,"21","pmf","stable",0.54606467984019
2026-10-10,1,"wk flu hosp rate change",2026-10-17,"24","pmf","stable",0.87624716553288
2026-10-10,1,"wk flu hosp rate change",2026-10-17,"31","pmf","stable",0.6
2026-10-10,1,"wk flu hosp rate change",2026-10-17,"53","pmf","stable",0.421128186724425
2026-10-10,1,"wk flu hosp rate change",2026-10-17,"50","pmf","stable",0.982040342234436
2026-10-10,1,"wk flu hosp rate change",2026-10-17,"26","pmf","stable",0.834396258503401
2026-10-10,1,"wk flu hosp rate change",2026-10-17,"06","pmf","stable",0.509767973925988
2026-10-10,1,"wk flu hosp rate change",2026-10-17,"39","pmf","stable",0.711106682754771
2026-10-10,1,"wk flu hosp rate change",2026-10-17,"08","pmf","stable",0.720232572085201
2026-10-10,1,"wk flu hosp rate change",2026-10-17,"33","pmf","stable",0.826039304610733
2026-10-10,1,"wk flu hosp rate change",2026-10-17,"44","pmf","stable",0.85
2026-10-10,1,"wk flu hosp rate change",2026-10-17,"49","pmf","stable",0.743955570728797
2026-10-10,1,"wk flu hosp rate change",2026-10-17,"11","pmf","stable",0.969703703703704
2026-10-10,1,"wk flu hosp rate change",2026-10-17,"19","pmf","stable",0.768981481481481
2026-10-10,1,"wk flu hosp rate change",2026-10-17,"12","pmf","stable",0.295678873648277
2026-10-10,1,"wk flu hosp rate change",2026-10-17,"54","pmf","stable",0.8765589569161
2026-10-10,1,"wk flu hosp rate change",2026-10-17,"05","pmf","stable",0.721462486396039
2026-10-10,1,"wk flu hosp rate change",2026-10-17,"10","pmf","stable",0.889153439153439
2026-10-10,1,"wk flu hosp rate change",2026-10-17,"34","pmf","stable",0.685810917691075
2026-10-10,1,"wk flu hosp rate change",2026-10-17,"51","pmf","stable",0.839533444635485
2026-10-10,1,"wk flu hosp rate change",2026-10-17,"02","pmf","stable",0.645483749055178
2026-10-10,1,"wk flu hosp rate change",2026-10-17,"25","pmf","stable",0.920705258460361
2026-10-10,1,"wk flu hosp rate change",2026-10-17,"37","pmf","stable",0.657392943863484
2026-10-10,1,"wk flu hosp rate change",2026-10-17,"46","pmf","stable",0.934008341257822
2026-10-10,1,"wk flu hosp rate change",2026-10-17,"72","pmf","stable",0.255855559154879
2026-10-10,2,"wk flu hosp rate change",2026-10-24,"20","pmf","stable",0.8
2026-10-10,2,"wk flu hosp rate change",2026-10-24,"55","pmf","stable",0.761548134405277
2026-10-10,2,"wk flu hosp rate change",2026-10-24,"09","pmf","stable",0.686625364431487
2026-10-10,2,"wk flu hosp rate change",2026-10-24,"16","pmf","stable",0.575732469626975
2026-10-10,2,"wk flu hosp rate change",2026-10-24,"29","pmf","stable",0.721105089756047
2026-10-10,2,"wk flu hosp rate change",2026-10-24,"40","pmf","stable",0.710133894827772
2026-10-10,2,"wk flu hosp rate change",2026-10-24,"35","pmf","stable",0.77687074829932
2026-10-10,2,"wk flu hosp rate change",2026-10-24,"US","pmf","stable",0.517178460495982
2026-10-10,2,"wk flu hosp rate change",2026-10-24,"01","pmf","stable",0.542826897396255
2026-10-10,2,"wk flu hosp rate change",2026-10-24,"47","pmf","stable",0.596914271171999
2026-10-10,2,"wk flu hosp rate change",2026-10-24,"17","pmf","stable",0.738431174939111
2026-10-10,2,"wk flu hosp rate change",2026-10-24,"45","pmf","stable",0.659548104956268
2026-10-10,2,"wk flu hosp rate change",2026-10-24,"27","pmf","stable",0.757739199575934
2026-10-10,2,"wk flu hosp rate change",2026-10-24,"30","pmf","stable",0.495115268329554
2026-10-10,2,"wk flu hosp rate change",2026-10-24,"04","pmf","stable",0.576574457588594
2026-10-10,2,"wk flu hosp rate change",2026-10-24,"22","pmf","stable",0.306805778468194
2026-10-10,2,"wk flu hosp rate change",2026-10-24,"28","pmf","stable",0.671446763146369
2026-10-10,2,"wk flu hosp rate change",2026-10-24,"56","pmf","stable",0.837037037037037
2026-10-10,2,"wk flu hosp rate change",2026-10-24,"18","pmf","stable",0.555179410436174
2026-10-10,2,"wk flu hosp rate change",2026-10-24,"41","pmf","stable",0.584818059746646
2026-10-10,2,"wk flu hosp rate change",2026-10-24,"23","pmf","stable",0.56374716553288
2026-10-10,2,"wk flu hosp rate change",2026-10-24,"48","pmf","stable",0.485496563731946
2026-10-10,2,"wk flu hosp rate change",2026-10-24,"13","pmf","stable",0.78620019436346
2026-10-10,2,"wk flu hosp rate change",2026-10-24,"38","pmf","stable",0.85
2026-10-10,2,"wk flu hosp rate change",2026-10-24,"32","pmf","stable",0.462920608467191
2026-10-10,2,"wk flu hosp rate change",2026-10-24,"36","pmf","stable",0.619537031799412
2026-10-10,2,"wk flu hosp rate change",2026-10-24,"42","pmf","stable",0.541358398104913
2026-10-10,2,"wk flu hosp rate change",2026-10-24,"15","pmf","stable",0.188921282798834
2026-10-10,2,"wk flu hosp rate change",2026-10-24,"21","pmf","stable",0.484907036330136
2026-10-10,2,"wk flu hosp rate change",2026-10-24,"24","pmf","stable",0.855950918727279
2026-10-10,2,"wk flu hosp rate change",2026-10-24,"31","pmf","stable",0.637493251268761
2026-10-10,2,"wk flu hosp rate change",2026-10-24,"53","pmf","stable",0.439965285037314
2026-10-10,2,"wk flu hosp rate change",2026-10-24,"50","pmf","stable",0.962546296296296
2026-10-10,2,"wk flu hosp rate change",2026-10-24,"26","pmf","stable",0.8
2026-10-10,2,"wk flu hosp rate change",2026-10-24,"06","pmf","stable",0.475098536936507
2026-10-10,2,"wk flu hosp rate change",2026-10-24,"39","pmf","stable",0.654391174459202
2026-10-10,2,"wk flu hosp rate change",2026-10-24,"08","pmf","stable",0.666634272756722
2026-10-10,2,"wk flu hosp rate change",2026-10-24,"33","pmf","stable",0.7
2026-10-10,2,"wk flu hosp rate change",2026-10-24,"44","pmf","stable",0.75
2026-10-10,2,"wk flu hosp rate change",2026-10-24,"49","pmf","stable",0.732196307094266
2026-10-10,2,"wk flu hosp rate change",2026-10-24,"11","pmf","stable",0.914254670122017
2026-10-10,2,"wk flu hosp rate change",2026-10-24,"19","pmf","stable",0.72562358276644
2026-10-10,2,"wk flu hosp rate change",2026-10-24,"12","pmf","stable",0.288017745071592
2026-10-10,2,"wk flu hosp rate change",2026-10-24,"54","pmf","stable",0.775
2026-10-10,2,"wk flu hosp rate change",2026-10-24,"05","pmf","stable",0.677078609221466
2026-10-10,2,"wk flu hosp rate change",2026-10-24,"10","pmf","stable",0.8
2026-10-10,2,"wk flu hosp rate change",2026-10-24,"34","pmf","stable",0.65461164034288
2026-10-10,2,"wk flu hosp rate change",2026-10-24,"51","pmf","stable",0.8
2026-10-10,2,"wk flu hosp rate change",2026-10-24,"02","pmf","stable",0.576039304610733
2026-10-10,2,"wk flu hosp rate change",2026-10-24,"25","pmf","stable",0.85
2026-10-10,2,"wk flu hosp rate change",2026-10-24,"37","pmf","stable",0.587962874767257
2026-10-10,2,"wk flu hosp rate change",2026-10-24,"46","pmf","stable",0.85
2026-10-10,2,"wk flu hosp rate change",2026-10-24,"72","pmf","stable",0.288484304810835
2026-10-10,3,"wk flu hosp rate change",2026-10-31,"20","pmf","stable",0.761098153547133
2026-10-10,3,"wk flu hosp rate change",2026-10-31,"55","pmf","stable",0.736383563526421
2026-10-10,3,"wk flu hosp rate change",2026-10-31,"09","pmf","stable",0.664042759961127
2026-10-10,3,"wk flu hosp rate change",2026-10-31,"16","pmf","stable",0.576039304610733
2026-10-10,3,"wk flu hosp rate change",2026-10-31,"29","pmf","stable",0.693281208587331
2026-10-10,3,"wk flu hosp rate change",2026-10-31,"40","pmf","stable",0.692501889644747
2026-10-10,3,"wk flu hosp rate change",2026-10-31,"35","pmf","stable",0.737891426411835
2026-10-10,3,"wk flu hosp rate change",2026-10-31,"US","pmf","stable",0.570097928112642
2026-10-10,3,"wk flu hosp rate change",2026-10-31,"01","pmf","stable",0.526662887377173
2026-10-10,3,"wk flu hosp rate change",2026-10-31,"47","pmf","stable",0.578399806290963
2026-10-10,3,"wk flu hosp rate change",2026-10-31,"17","pmf","stable",0.711218332184319
2026-10-10,3,"wk flu hosp rate change",2026-10-31,"45","pmf","stable",0.62421668667467
2026-10-10,3,"wk flu hosp rate change",2026-10-31,"27","pmf","stable",0.728462279091531
2026-10-10,3,"wk flu hosp rate change",2026-10-31,"30","pmf","stable",0.457407407407407
2026-10-10,3,"wk flu hosp rate change",2026-10-31,"04","pmf","stable",0.584723222622382
2026-10-10,3,"wk flu hosp rate change",2026-10-31,"22","pmf","stable",0.31560323274609
2026-10-10,3,"wk flu hosp rate change",2026-10-31,"28","pmf","stable",0.610133894827772
2026-10-10,3,"wk flu hosp rate change",2026-10-31,"56","pmf","stable",0.75
2026-10-10,3,"wk flu hosp rate change",2026-10-31,"18","pmf","stable",0.519074417645846
2026-10-10,3,"wk flu hosp rate change",2026-10-31,"41","pmf","stable",0.58154536947054
2026-10-10,3,"wk flu hosp rate change",2026-10-31,"23","pmf","stable",0.55
2026-10-10,3,"wk flu hosp rate change",2026-10-31,"48","pmf","stable",0.490142852603692
2026-10-10,3,"wk flu hosp rate change",2026-10-31,"13","pmf","stable",0.757790735341756
2026-10-10,3,"wk flu hosp rate change",2026-10-31,"38","pmf","stable",0.75
2026-10-10,3,"wk flu hosp rate change",2026-10-31,"32","pmf","stable",0.462938018463658
2026-10-10,3,"wk flu hosp rate change",2026-10-31,"36","pmf","stable",0.583344226579521
2026-10-10,3,"wk flu hosp rate change",2026-10-31,"42","pmf","stable",0.575561153729906
2026-10-10,3,"wk flu hosp rate change",2026-10-31,"15","pmf","stable",0.235655976676385
2026-10-10,3,"wk flu hosp rate change",2026-10-31,"21","pmf","stable",0.466975308641975
2026-10-10,3,"wk flu hosp rate change",2026-10-31,"24","pmf","stable",0.84430404647836
2026-10-10,3,"wk flu hosp rate change",2026-10-31,"31","pmf","stable",0.660619803476946
2026-10-10,3,"wk flu hosp rate change",2026-10-31,"53","pmf","stable",0.451625892003495
2026-10-10,3,"wk flu hosp rate change",2026-10-31,"50","pmf","stable",0.916589731130548
2026-10-10,3,"wk flu hosp rate change",2026-10-31,"26","pmf","stable",0.789367916478761
2026-10-10,3,"wk flu hosp rate change",2026-10-31,"06","pmf","stable",0.486489940917939
2026-10-10,3,"wk flu hosp rate change",2026-10-31,"39","pmf","stable",0.646023058574079
2026-10-10,3,"wk flu hosp rate change",2026-10-31,"08","pmf","stable",0.625415721844293
2026-10-10,3,"wk flu hosp rate change",2026-10-31,"33","pmf","stable",0.631481481481482
2026-10-10,3,"wk flu hosp rate change",2026-10-31,"44","pmf","stable",0.668518518518519
2026-10-10,3,"wk flu hosp rate change",2026-10-31,"49","pmf","stable",0.714601554907677
2026-10-10,3,"wk flu hosp rate change",2026-10-31,"11","pmf","stable",0.85
2026-10-10,3,"wk flu hosp rate change",2026-10-31,"19","pmf","stable",0.712190908109275
2026-10-10,3,"wk flu hosp rate change",2026-10-31,"12","pmf","stable",0.323944338554301
2026-10-10,3,"wk flu hosp rate change",2026-10-31,"54","pmf","stable",0.786111111111111
2026-10-10,3,"wk flu hosp rate change",2026-10-31,"05","pmf","stable",0.634701976028507
2026-10-10,3,"wk flu hosp rate change",2026-10-31,"10","pmf","stable",0.717592592592593
2026-10-10,3,"wk flu hosp rate change",2026-10-31,"34","pmf","stable",0.659270528606913
2026-10-10,3,"wk flu hosp rate change",2026-10-31,"51","pmf","stable",0.812578329882678
2026-10-10,3,"wk flu hosp rate change",2026-10-31,"02","pmf","stable",0.509259259259259
2026-10-10,3,"wk flu hosp rate change",2026-10-31,"25","pmf","stable",0.807434250285847
2026-10-10,3,"wk flu hosp rate change",2026-10-31,"37","pmf","stable",0.6
2026-10-10,3,"wk flu hosp rate change",2026-10-31,"46","pmf","stable",0.75
2026-10-10,3,"wk flu hosp rate change",2026-10-31,"72","pmf","stable",0.356912756444569
2026-10-10,0,"wk flu hosp rate change",2026-10-10,"20","pmf","decrease",0.00352407927883793
2026-10-10,0,"wk flu hosp rate change",2026-10-10,"55","pmf","decrease",0.025
2026-10-10,0,"wk flu hosp rate change",2026-10-10,"09","pmf","decrease",0.05
2026-10-10,0,"wk flu hosp rate change",2026-10-10,"16","pmf","decrease",0.01
2026-10-10,0,"wk flu hosp rate change",2026-10-10,"29","pmf","decrease",0.01
2026-10-10,0,"wk flu hosp rate change",2026-10-10,"40","pmf","decrease",0.0648148148148148
2026-10-10,0,"wk flu hosp rate change",2026-10-10,"35","pmf","decrease",0
2026-10-10,0,"wk flu hosp rate change",2026-10-10,"US","pmf","decrease",0.00711506510956633
2026-10-10,0,"wk flu hosp rate change",2026-10-10,"01","pmf","decrease",0.0708427815570673
2026-10-10,0,"wk flu hosp rate change",2026-10-10,"47","pmf","decrease",0.0606279019544326
2026-10-10,0,"wk flu hosp rate change",2026-10-10,"17","pmf","decrease",0.0182929291020312
2026-10-10,0,"wk flu hosp rate change",2026-10-10,"45","pmf","decrease",0.0351303854875284
2026-10-10,0,"wk flu hosp rate change",2026-10-10,"27","pmf","decrease",0.025
2026-10-10,0,"wk flu hosp rate change",2026-10-10,"30","pmf","decrease",0.025
2026-10-10,0,"wk flu hosp rate change",2026-10-10,"04","pmf","decrease",0.0725947521865889
2026-10-10,0,"wk flu hosp rate change",2026-10-10,"22","pmf","decrease",0.197012028893101
2026-10-10,0,"wk flu hosp rate change",2026-10-10,"28","pmf","decrease",0.0322222222222222
2026-10-10,0,"wk flu hosp rate change",2026-10-10,"56","pmf","decrease",0
2026-10-10,0,"wk flu hosp rate change",2026-10-10,"18","pmf","decrease",0.05
2026-10-10,0,"wk flu hosp rate change",2026-10-10,"41","pmf","decrease",0.05
2026-10-10,0,"wk flu hosp rate change",2026-10-10,"23","pmf","decrease",0.014667921142974
2026-10-10,0,"wk flu hosp rate change",2026-10-10,"48","pmf","decrease",0.0328978787857448
2026-10-10,0,"wk flu hosp rate change",2026-10-10,"13","pmf","decrease",0.0042483450942519
2026-10-10,0,"wk flu hosp rate change",2026-10-10,"38","pmf","decrease",0
2026-10-10,0,"wk flu hosp rate change",2026-10-10,"32","pmf","decrease",0.1
2026-10-10,0,"wk flu hosp rate change",2026-10-10,"36","pmf","decrease",0.0137737261019605
2026-10-10,0,"wk flu hosp rate change",2026-10-10,"42","pmf","decrease",0.0526776920484403
2026-10-10,0,"wk flu hosp rate change",2026-10-10,"15","pmf","decrease",0.157365385307562
2026-10-10,0,"wk flu hosp rate change",2026-10-10,"21","pmf","decrease",0.0805555555555556
2026-10-10,0,"wk flu hosp rate change",2026-10-10,"24","pmf","decrease",0
2026-10-10,0,"wk flu hosp rate change",2026-10-10,"31","pmf","decrease",0.1
2026-10-10,0,"wk flu hosp rate change",2026-10-10,"53","pmf","decrease",0.144911681603858
2026-10-10,0,"wk flu hosp rate change",2026-10-10,"50","pmf","decrease",0
2026-10-10,0,"wk flu hosp rate change",2026-10-10,"26","pmf","decrease",0.00354346301782388
2026-10-10,0,"wk flu hosp rate change",2026-10-10,"06","pmf","decrease",0.058173446249248
2026-10-10,0,"wk flu hosp rate change",2026-10-10,"39","pmf","decrease",0.0228393688037485
2026-10-10,0,"wk flu hosp rate change",2026-10-10,"08","pmf","decrease",0.0286642911132707
2026-10-10,0,"wk flu hosp rate change",2026-10-10,"33","pmf","decrease",0
2026-10-10,0,"wk flu hosp rate change",2026-10-10,"44","pmf","decrease",0
2026-10-10,0,"wk flu hosp rate change",2026-10-10,"49","pmf","decrease",0.0394444444444444
2026-10-10,0,"wk flu hosp rate change",2026-10-10,"11","pmf","decrease",0
2026-10-10,0,"wk flu hosp rate change",2026-10-10,"19","pmf","decrease",0.025
2026-10-10,0,"wk flu hosp rate change",2026-10-10,"12","pmf","decrease",0.129917770476975
2026-10-10,0,"wk flu hosp rate change",2026-10-10,"54","pmf","decrease",0
2026-10-10,0,"wk flu hosp rate change",2026-10-10,"05","pmf","decrease",0.0353174603174603
2026-10-10,0,"wk flu hosp rate change",2026-10-10,"10","pmf","decrease",0
2026-10-10,0,"wk flu hosp rate change",2026-10-10,"34","pmf","decrease",0.05
2026-10-10,0,"wk flu hosp rate change",2026-10-10,"51","pmf","decrease",0.0026819402533537
2026-10-10,0,"wk flu hosp rate change",2026-10-10,"02","pmf","decrease",0.0398148148148148
2026-10-10,0,"wk flu hosp rate change",2026-10-10,"25","pmf","decrease",0
2026-10-10,0,"wk flu hosp rate change",2026-10-10,"37","pmf","decrease",0.0429516250944822
2026-10-10,0,"wk flu hosp rate change",2026-10-10,"46","pmf","decrease",0
2026-10-10,0,"wk flu hosp rate change",2026-10-10,"72","pmf","decrease",0.179888115884501
2026-10-10,1,"wk flu hosp rate change",2026-10-17,"20","pmf","decrease",0
2026-10-10,1,"wk flu hosp rate change",2026-10-17,"55","pmf","decrease",0.00110995716271793
2026-10-10,1,"wk flu hosp rate change",2026-10-17,"09","pmf","decrease",0.00507606989010725
2026-10-10,1,"wk flu hosp rate change",2026-10-17,"16","pmf","decrease",0.025
2026-10-10,1,"wk flu hosp rate change",2026-10-17,"29","pmf","decrease",0.00141400803302545
2026-10-10,1,"wk flu hosp rate change",2026-10-17,"40","pmf","decrease",0.00201423533453326
2026-10-10,1,"wk flu hosp rate change",2026-10-17,"35","pmf","decrease",0
2026-10-10,1,"wk flu hosp rate change",2026-10-17,"US","pmf","decrease",0.000471941222646289
2026-10-10,1,"wk flu hosp rate change",2026-10-17,"01","pmf","decrease",0.0217160043531901
2026-10-10,1,"wk flu hosp rate change",2026-10-17,"47","pmf","decrease",0.0196801700014012
2026-10-10,1,"wk flu hosp rate change",2026-10-17,"17","pmf","decrease",0.000649643226316134
2026-10-10,1,"wk flu hosp rate change",2026-10-17,"45","pmf","decrease",0.00354346301782388
2026-10-10,1,"wk flu hosp rate change",2026-10-17,"27","pmf","decrease",0
2026-10-10,1,"wk flu hosp rate change",2026-10-17,"30","pmf","decrease",0.025
2026-10-10,1,"wk flu hosp rate change",2026-10-17,"04","pmf","decrease",0.0125859764488101
2026-10-10,1,"wk flu hosp rate change",2026-10-17,"22","pmf","decrease",0.120618907736255
2026-10-10,1,"wk flu hosp rate change",2026-10-17,"28","pmf","decrease",0.00717310260374458
2026-10-10,1,"wk flu hosp rate change",2026-10-17,"56","pmf","decrease",0
2026-10-10,1,"wk flu hosp rate change",2026-10-17,"18","pmf","decrease",0.0149525246214387
2026-10-10,1,"wk flu hosp rate change",2026-10-17,"41","pmf","decrease",0.0165837647106511
2026-10-10,1,"wk flu hosp rate change",2026-10-17,"23","pmf","decrease",0.025
2026-10-10,1,"wk flu hosp rate change",2026-10-17,"48","pmf","decrease",0.012449208933571
2026-10-10,1,"wk flu hosp rate change",2026-10-17,"13","pmf","decrease",0
2026-10-10,1,"wk flu hosp rate change",2026-10-17,"38","pmf","decrease",0
2026-10-10,1,"wk flu hosp rate change",2026-10-17,"32","pmf","decrease",0.05
2026-10-10,1,"wk flu hosp rate change",2026-10-17,"36","pmf","decrease",0.00101678276228951
2026-10-10,1,"wk flu hosp rate change",2026-10-17,"42","pmf","decrease",0.02382524998099
2026-10-10,1,"wk flu hosp rate change",2026-10-17,"15","pmf","decrease",0.203540110262396
2026-10-10,1,"wk flu hosp rate change",2026-10-17,"21","pmf","decrease",0.02893532015981
2026-10-10,1,"wk flu hosp rate change",2026-10-17,"24","pmf","decrease",0
2026-10-10,1,"wk flu hosp rate change",2026-10-17,"31","pmf","decrease",0.1
2026-10-10,1,"wk flu hosp rate change",2026-10-17,"53","pmf","decrease",0.102832508664842
2026-10-10,1,"wk flu hosp rate change",2026-10-17,"50","pmf","decrease",0
2026-10-10,1,"wk flu hosp rate change",2026-10-17,"26","pmf","decrease",0
2026-10-10,1,"wk flu hosp rate change",2026-10-17,"06","pmf","decrease",0.0231148916562582
2026-10-10,1,"wk flu hosp rate change",2026-10-17,"39","pmf","decrease",0.00354346301782388
2026-10-10,1,"wk flu hosp rate change",2026-10-17,"08","pmf","decrease",0.00507606989010725
2026-10-10,1,"wk flu hosp rate change",2026-10-17,"33","pmf","decrease",0
2026-10-10,1,"wk flu hosp rate change",2026-10-17,"44","pmf","decrease",0
2026-10-10,1,"wk flu hosp rate change",2026-10-17,"49","pmf","decrease",0.00604442927120289
2026-10-10,1,"wk flu hosp rate change",2026-10-17,"11","pmf","decrease",0
2026-10-10,1,"wk flu hosp rate change",2026-10-17,"19","pmf","decrease",0
2026-10-10,1,"wk flu hosp rate change",2026-10-17,"12","pmf","decrease",0.0892099110364258
2026-10-10,1,"wk flu hosp rate change",2026-10-17,"54","pmf","decrease",0
2026-10-10,1,"wk flu hosp rate change",2026-10-17,"05","pmf","decrease",0.00353751360396038
2026-10-10,1,"wk flu hosp rate change",2026-10-17,"10","pmf","decrease",0
2026-10-10,1,"wk flu hosp rate change",2026-10-17,"34","pmf","decrease",0.00780424265877842
2026-10-10,1,"wk flu hosp rate change",2026-10-17,"51","pmf","decrease",0
2026-10-10,1,"wk flu hosp rate change",2026-10-17,"02","pmf","decrease",0.0805555555555556
2026-10-10,1,"wk flu hosp rate change",2026-10-17,"25","pmf","decrease",0
2026-10-10,1,"wk flu hosp rate change",2026-10-17,"37","pmf","decrease",0.0089650808278742
2026-10-10,1,"wk flu hosp rate change",2026-10-17,"46","pmf","decrease",0
2026-10-10,1,"wk flu hosp rate change",2026-10-17,"72","pmf","decrease",0.144144440845121
2026-10-10,2,"wk flu hosp rate change",2026-10-24,"20","pmf","decrease",0
2026-10-10,2,"wk flu hosp rate change",2026-10-24,"55","pmf","decrease",0
2026-10-10,2,"wk flu hosp rate change",2026-10-24,"09","pmf","decrease",0
2026-10-10,2,"wk flu hosp rate change",2026-10-24,"16","pmf","decrease",0.000306834983758291
2026-10-10,2,"wk flu hosp rate change",2026-10-24,"29","pmf","decrease",0
2026-10-10,2,"wk flu hosp rate change",2026-10-24,"40","pmf","decrease",0
2026-10-10,2,"wk flu hosp rate change",2026-10-24,"35","pmf","decrease",0
2026-10-10,2,"wk flu hosp rate change",2026-10-24,"US","pmf","decrease",3.80743636538457e-05
2026-10-10,2,"wk flu hosp rate change",2026-10-24,"01","pmf","decrease",0.00717310260374458
2026-10-10,2,"wk flu hosp rate change",2026-10-24,"47","pmf","decrease",0.00308572882800106
2026-10-10,2,"wk flu hosp rate change",2026-10-24,"17","pmf","decrease",0
2026-10-10,2,"wk flu hosp rate change",2026-10-24,"45","pmf","decrease",0
2026-10-10,2,"wk flu hosp rate change",2026-10-24,"27","pmf","decrease",0
2026-10-10,2,"wk flu hosp rate change",2026-10-24,"30","pmf","decrease",0.0372921390778534
2026-10-10,2,"wk flu hosp rate change",2026-10-24,"04","pmf","decrease",0.00131422968784801
2026-10-10,2,"wk flu hosp rate change",2026-10-24,"22","pmf","decrease",0.0826910688517832
2026-10-10,2,"wk flu hosp rate change",2026-10-24,"28","pmf","decrease",0
2026-10-10,2,"wk flu hosp rate change",2026-10-24,"56","pmf","decrease",0
2026-10-10,2,"wk flu hosp rate change",2026-10-24,"18","pmf","decrease",0.00110995716271793
2026-10-10,2,"wk flu hosp rate change",2026-10-24,"41","pmf","decrease",0.0026819402533537
2026-10-10,2,"wk flu hosp rate change",2026-10-24,"23","pmf","decrease",0.0362528344671202
2026-10-10,2,"wk flu hosp rate change",2026-10-24,"48","pmf","decrease",0.00258875372837192
2026-10-10,2,"wk flu hosp rate change",2026-10-24,"13","pmf","decrease",0
2026-10-10,2,"wk flu hosp rate change",2026-10-24,"38","pmf","decrease",0
2026-10-10,2,"wk flu hosp rate change",2026-10-24,"32","pmf","decrease",0.0177801797846172
2026-10-10,2,"wk flu hosp rate change",2026-10-24,"36","pmf","decrease",0
2026-10-10,2,"wk flu hosp rate change",2026-10-24,"42","pmf","decrease",0.00864160189508676
2026-10-10,2,"wk flu hosp rate change",2026-10-24,"15","pmf","decrease",0.210211777448433
2026-10-10,2,"wk flu hosp rate change",2026-10-24,"21","pmf","decrease",0.00717310260374458
2026-10-10,2,"wk flu hosp rate change",2026-10-24,"24","pmf","decrease",0
2026-10-10,2,"wk flu hosp rate change",2026-10-24,"31","pmf","decrease",0.025
2026-10-10,2,"wk flu hosp rate change",2026-10-24,"53","pmf","decrease",0.0716191094042235
2026-10-10,2,"wk flu hosp rate change",2026-10-24,"50","pmf","decrease",0
2026-10-10,2,"wk flu hosp rate change",2026-10-24,"26","pmf","decrease",0
2026-10-10,2,"wk flu hosp rate change",2026-10-24,"06","pmf","decrease",0.00541895121662039
2026-10-10,2,"wk flu hosp rate change",2026-10-24,"39","pmf","decrease",0
2026-10-10,2,"wk flu hosp rate change",2026-10-24,"08","pmf","decrease",0
2026-10-10,2,"wk flu hosp rate change",2026-10-24,"33","pmf","decrease",0
2026-10-10,2,"wk flu hosp rate change",2026-10-24,"44","pmf","decrease",0
2026-10-10,2,"wk flu hosp rate change",2026-10-24,"49","pmf","decrease",0
2026-10-10,2,"wk flu hosp rate change",2026-10-24,"11","pmf","decrease",0
2026-10-10,2,"wk flu hosp rate change",2026-10-24,"19","pmf","decrease",0
2026-10-10,2,"wk flu hosp rate change",2026-10-24,"12","pmf","decrease",0.0588927050494995
2026-10-10,2,"wk flu hosp rate change",2026-10-24,"54","pmf","decrease",0
2026-10-10,2,"wk flu hosp rate change",2026-10-24,"05","pmf","decrease",0
2026-10-10,2,"wk flu hosp rate change",2026-10-24,"10","pmf","decrease",0
2026-10-10,2,"wk flu hosp rate change",2026-10-24,"34","pmf","decrease",0.000306834983758291
2026-10-10,2,"wk flu hosp rate change",2026-10-24,"51","pmf","decrease",0
2026-10-10,2,"wk flu hosp rate change",2026-10-24,"02","pmf","decrease",0.1
2026-10-10,2,"wk flu hosp rate change",2026-10-24,"25","pmf","decrease",0
2026-10-10,2,"wk flu hosp rate change",2026-10-24,"37","pmf","decrease",0.00110995716271793
2026-10-10,2,"wk flu hosp rate change",2026-10-24,"46","pmf","decrease",0
2026-10-10,2,"wk flu hosp rate change",2026-10-24,"72","pmf","decrease",0.111515695189165
2026-10-10,3,"wk flu hosp rate change",2026-10-31,"20","pmf","decrease",0
2026-10-10,3,"wk flu hosp rate change",2026-10-31,"55","pmf","decrease",0
2026-10-10,3,"wk flu hosp rate change",2026-10-31,"09","pmf","decrease",0
2026-10-10,3,"wk flu hosp rate change",2026-10-31,"16","pmf","decrease",0
2026-10-10,3,"wk flu hosp rate change",2026-10-31,"29","pmf","decrease",0
2026-10-10,3,"wk flu hosp rate change",2026-10-31,"40","pmf","decrease",0
2026-10-10,3,"wk flu hosp rate change",2026-10-31,"35","pmf","decrease",0
2026-10-10,3,"wk flu hosp rate change",2026-10-31,"US","pmf","decrease",0
2026-10-10,3,"wk flu hosp rate change",2026-10-31,"01","pmf","decrease",0
2026-10-10,3,"wk flu hosp rate change",2026-10-31,"47","pmf","decrease",0
2026-10-10,3,"wk flu hosp rate change",2026-10-31,"17","pmf","decrease",0
2026-10-10,3,"wk flu hosp rate change",2026-10-31,"45","pmf","decrease",0
2026-10-10,3,"wk flu hosp rate change",2026-10-31,"27","pmf","decrease",0
2026-10-10,3,"wk flu hosp rate change",2026-10-31,"30","pmf","decrease",0.025
2026-10-10,3,"wk flu hosp rate change",2026-10-31,"04","pmf","decrease",0
2026-10-10,3,"wk flu hosp rate change",2026-10-31,"22","pmf","decrease",0.05
2026-10-10,3,"wk flu hosp rate change",2026-10-31,"28","pmf","decrease",0
2026-10-10,3,"wk flu hosp rate change",2026-10-31,"56","pmf","decrease",0
2026-10-10,3,"wk flu hosp rate change",2026-10-31,"18","pmf","decrease",0
2026-10-10,3,"wk flu hosp rate change",2026-10-31,"41","pmf","decrease",0
2026-10-10,3,"wk flu hosp rate change",2026-10-31,"23","pmf","decrease",0
2026-10-10,3,"wk flu hosp rate change",2026-10-31,"48","pmf","decrease",3.61240408009014e-05
2026-10-10,3,"wk flu hosp rate change",2026-10-31,"13","pmf","decrease",0
2026-10-10,3,"wk flu hosp rate change",2026-10-31,"38","pmf","decrease",0
2026-10-10,3,"wk flu hosp rate change",2026-10-31,"32","pmf","decrease",0.00354346301782388
2026-10-10,3,"wk flu hosp rate change",2026-10-31,"36","pmf","decrease",0
2026-10-10,3,"wk flu hosp rate change",2026-10-31,"42","pmf","decrease",0.00144375173980726
2026-10-10,3,"wk flu hosp rate change",2026-10-31,"15","pmf","decrease",0.1875
2026-10-10,3,"wk flu hosp rate change",2026-10-31,"21","pmf","decrease",0
2026-10-10,3,"wk flu hosp rate change",2026-10-31,"24","pmf","decrease",0
2026-10-10,3,"wk flu hosp rate change",2026-10-31,"31","pmf","decrease",0
2026-10-10,3,"wk flu hosp rate change",2026-10-31,"53","pmf","decrease",0.022670819162174
2026-10-10,3,"wk flu hosp rate change",2026-10-31,"50","pmf","decrease",0
2026-10-10,3,"wk flu hosp rate change",2026-10-31,"26","pmf","decrease",0
2026-10-10,3,"wk flu hosp rate change",2026-10-31,"06","pmf","decrease",0.00106404087721736
2026-10-10,3,"wk flu hosp rate change",2026-10-31,"39","pmf","decrease",0
2026-10-10,3,"wk flu hosp rate change",2026-10-31,"08","pmf","decrease",0
2026-10-10,3,"wk flu hosp rate change",2026-10-31,"33","pmf","decrease",0
2026-10-10,3,"wk flu hosp rate change",2026-10-31,"44","pmf","decrease",0
2026-10-10,3,"wk flu hosp rate change",2026-10-31,"49","pmf","decrease",0
2026-10-10,3,"wk flu hosp rate change",2026-10-31,"11","pmf","decrease",0
2026-10-10,3,"wk flu hosp rate change",2026-10-31,"19","pmf","decrease",0
2026-10-10,3,"wk flu hosp rate change",2026-10-31,"12","pmf","decrease",0.0396738230270279
2026-10-10,3,"wk flu hosp rate change",2026-10-31,"54","pmf","decrease",0
2026-10-10,3,"wk flu hosp rate change",2026-10-31,"05","pmf","decrease",0
2026-10-10,3,"wk flu hosp rate change",2026-10-31,"10","pmf","decrease",0
2026-10-10,3,"wk flu hosp rate change",2026-10-31,"34","pmf","decrease",0
2026-10-10,3,"wk flu hosp rate change",2026-10-31,"51","pmf","decrease",0
2026-10-10,3,"wk flu hosp rate change",2026-10-31,"02","pmf","decrease",0.125
2026-10-10,3,"wk flu hosp rate change",2026-10-31,"25","pmf","decrease",0
2026-10-10,3,"wk flu hosp rate change",2026-10-31,"37","pmf","decrease",0
2026-10-10,3,"wk flu hosp rate change",2026-10-31,"46","pmf","decrease",0
2026-10-10,3,"wk flu hosp rate change",2026-10-31,"72","pmf","decrease",0.062437009435809
2026-10-10,0,"wk flu hosp rate change",2026-10-10,"20","pmf","large_decrease",0
2026-10-10,0,"wk flu hosp rate change",2026-10-10,"55","pmf","large_decrease",0
2026-10-10,0,"wk flu hosp rate change",2026-10-10,"09","pmf","large_decrease",0
2026-10-10,0,"wk flu hosp rate change",2026-10-10,"16","pmf","large_decrease",0
2026-10-10,0,"wk flu hosp rate change",2026-10-10,"29","pmf","large_decrease",0
2026-10-10,0,"wk flu hosp rate change",2026-10-10,"40","pmf","large_decrease",0
2026-10-10,0,"wk flu hosp rate change",2026-10-10,"35","pmf","large_decrease",0
2026-10-10,0,"wk flu hosp rate change",2026-10-10,"US","pmf","large_decrease",0
2026-10-10,0,"wk flu hosp rate change",2026-10-10,"01","pmf","large_decrease",0
2026-10-10,0,"wk flu hosp rate change",2026-10-10,"47","pmf","large_decrease",0
2026-10-10,0,"wk flu hosp rate change",2026-10-10,"17","pmf","large_decrease",0
2026-10-10,0,"wk flu hosp rate change",2026-10-10,"45","pmf","large_decrease",0
2026-10-10,0,"wk flu hosp rate change",2026-10-10,"27","pmf","large_decrease",0
2026-10-10,0,"wk flu hosp rate change",2026-10-10,"30","pmf","large_decrease",0
2026-10-10,0,"wk flu hosp rate change",2026-10-10,"04","pmf","large_decrease",0
2026-10-10,0,"wk flu hosp rate change",2026-10-10,"22","pmf","large_decrease",0.00298797110689877
2026-10-10,0,"wk flu hosp rate change",2026-10-10,"28","pmf","large_decrease",0
2026-10-10,0,"wk flu hosp rate change",2026-10-10,"56","pmf","large_decrease",0
2026-10-10,0,"wk flu hosp rate change",2026-10-10,"18","pmf","large_decrease",0
2026-10-10,0,"wk flu hosp rate change",2026-10-10,"41","pmf","large_decrease",0
2026-10-10,0,"wk flu hosp rate change",2026-10-10,"23","pmf","large_decrease",0
2026-10-10,0,"wk flu hosp rate change",2026-10-10,"48","pmf","large_decrease",0
2026-10-10,0,"wk flu hosp rate change",2026-10-10,"13","pmf","large_decrease",0
2026-10-10,0,"wk flu hosp rate change",2026-10-10,"38","pmf","large_decrease",0
2026-10-10,0,"wk flu hosp rate change",2026-10-10,"32","pmf","large_decrease",0
2026-10-10,0,"wk flu hosp rate change",2026-10-10,"36","pmf","large_decrease",0
2026-10-10,0,"wk flu hosp rate change",2026-10-10,"42","pmf","large_decrease",0
2026-10-10,0,"wk flu hosp rate change",2026-10-10,"15","pmf","large_decrease",0.0926346146924378
2026-10-10,0,"wk flu hosp rate change",2026-10-10,"21","pmf","large_decrease",0
2026-10-10,0,"wk flu hosp rate change",2026-10-10,"24","pmf","large_decrease",0
2026-10-10,0,"wk flu hosp rate change",2026-10-10,"31","pmf","large_decrease",0
2026-10-10,0,"wk flu hosp rate change",2026-10-10,"53","pmf","large_decrease",0
2026-10-10,0,"wk flu hosp rate change",2026-10-10,"50","pmf","large_decrease",0
2026-10-10,0,"wk flu hosp rate change",2026-10-10,"26","pmf","large_decrease",0
2026-10-10,0,"wk flu hosp rate change",2026-10-10,"06","pmf","large_decrease",0
2026-10-10,0,"wk flu hosp rate change",2026-10-10,"39","pmf","large_decrease",0
2026-10-10,0,"wk flu hosp rate change",2026-10-10,"08","pmf","large_decrease",0
2026-10-10,0,"wk flu hosp rate change",2026-10-10,"33","pmf","large_decrease",0
2026-10-10,0,"wk flu hosp rate change",2026-10-10,"44","pmf","large_decrease",0
2026-10-10,0,"wk flu hosp rate change",2026-10-10,"49","pmf","large_decrease",0
2026-10-10,0,"wk flu hosp rate change",2026-10-10,"11","pmf","large_decrease",0
2026-10-10,0,"wk flu hosp rate change",2026-10-10,"19","pmf","large_decrease",0
2026-10-10,0,"wk flu hosp rate change",2026-10-10,"12","pmf","large_decrease",0.000679390435456737
2026-10-10,0,"wk flu hosp rate change",2026-10-10,"54","pmf","large_decrease",0
2026-10-10,0,"wk flu hosp rate change",2026-10-10,"05","pmf","large_decrease",0
2026-10-10,0,"wk flu hosp rate change",2026-10-10,"10","pmf","large_decrease",0
2026-10-10,0,"wk flu hosp rate change",2026-10-10,"34","pmf","large_decrease",0
2026-10-10,0,"wk flu hosp rate change",2026-10-10,"51","pmf","large_decrease",0
2026-10-10,0,"wk flu hosp rate change",2026-10-10,"02","pmf","large_decrease",0.025
2026-10-10,0,"wk flu hosp rate change",2026-10-10,"25","pmf","large_decrease",0
2026-10-10,0,"wk flu hosp rate change",2026-10-10,"37","pmf","large_decrease",0
2026-10-10,0,"wk flu hosp rate change",2026-10-10,"46","pmf","large_decrease",0
2026-10-10,0,"wk flu hosp rate change",2026-10-10,"72","pmf","large_decrease",0.00243992644354157
2026-10-10,1,"wk flu hosp rate change",2026-10-17,"20","pmf","large_decrease",0
2026-10-10,1,"wk flu hosp rate change",2026-10-17,"55","pmf","large_decrease",0
2026-10-10,1,"wk flu hosp rate change",2026-10-17,"09","pmf","large_decrease",0
2026-10-10,1,"wk flu hosp rate change",2026-10-17,"16","pmf","large_decrease",0
2026-10-10,1,"wk flu hosp rate change",2026-10-17,"29","pmf","large_decrease",0
2026-10-10,1,"wk flu hosp rate change",2026-10-17,"40","pmf","large_decrease",0
2026-10-10,1,"wk flu hosp rate change",2026-10-17,"35","pmf","large_decrease",0
2026-10-10,1,"wk flu hosp rate change",2026-10-17,"US","pmf","large_decrease",0
2026-10-10,1,"wk flu hosp rate change",2026-10-17,"01","pmf","large_decrease",0
2026-10-10,1,"wk flu hosp rate change",2026-10-17,"47","pmf","large_decrease",0
2026-10-10,1,"wk flu hosp rate change",2026-10-17,"17","pmf","large_decrease",0
2026-10-10,1,"wk flu hosp rate change",2026-10-17,"45","pmf","large_decrease",0
2026-10-10,1,"wk flu hosp rate change",2026-10-17,"27","pmf","large_decrease",0
2026-10-10,1,"wk flu hosp rate change",2026-10-17,"30","pmf","large_decrease",0
2026-10-10,1,"wk flu hosp rate change",2026-10-17,"04","pmf","large_decrease",0
2026-10-10,1,"wk flu hosp rate change",2026-10-17,"22","pmf","large_decrease",0
2026-10-10,1,"wk flu hosp rate change",2026-10-17,"28","pmf","large_decrease",0
2026-10-10,1,"wk flu hosp rate change",2026-10-17,"56","pmf","large_decrease",0
2026-10-10,1,"wk flu hosp rate change",2026-10-17,"18","pmf","large_decrease",0
2026-10-10,1,"wk flu hosp rate change",2026-10-17,"41","pmf","large_decrease",0
2026-10-10,1,"wk flu hosp rate change",2026-10-17,"23","pmf","large_decrease",0
2026-10-10,1,"wk flu hosp rate change",2026-10-17,"48","pmf","large_decrease",0
2026-10-10,1,"wk flu hosp rate change",2026-10-17,"13","pmf","large_decrease",0
2026-10-10,1,"wk flu hosp rate change",2026-10-17,"38","pmf","large_decrease",0
2026-10-10,1,"wk flu hosp rate change",2026-10-17,"32","pmf","large_decrease",0
2026-10-10,1,"wk flu hosp rate change",2026-10-17,"36","pmf","large_decrease",0
2026-10-10,1,"wk flu hosp rate change",2026-10-17,"42","pmf","large_decrease",0
2026-10-10,1,"wk flu hosp rate change",2026-10-17,"15","pmf","large_decrease",0.0214598897376041
2026-10-10,1,"wk flu hosp rate change",2026-10-17,"21","pmf","large_decrease",0
2026-10-10,1,"wk flu hosp rate change",2026-10-17,"24","pmf","large_decrease",0
2026-10-10,1,"wk flu hosp rate change",2026-10-17,"31","pmf","large_decrease",0
2026-10-10,1,"wk flu hosp rate change",2026-10-17,"53","pmf","large_decrease",0
2026-10-10,1,"wk flu hosp rate change",2026-10-17,"50","pmf","large_decrease",0
2026-10-10,1,"wk flu hosp rate change",2026-10-17,"26","pmf","large_decrease",0
2026-10-10,1,"wk flu hosp rate change",2026-10-17,"06","pmf","large_decrease",0
2026-10-10,1,"wk flu hosp rate change",2026-10-17,"39","pmf","large_decrease",0
2026-10-10,1,"wk flu hosp rate change",2026-10-17,"08","pmf","large_decrease",0
2026-10-10,1,"wk flu hosp rate change",2026-10-17,"33","pmf","large_decrease",0
2026-10-10,1,"wk flu hosp rate change",2026-10-17,"44","pmf","large_decrease",0
2026-10-10,1,"wk flu hosp rate change",2026-10-17,"49","pmf","large_decrease",0
2026-10-10,1,"wk flu hosp rate change",2026-10-17,"11","pmf","large_decrease",0
2026-10-10,1,"wk flu hosp rate change",2026-10-17,"19","pmf","large_decrease",0
2026-10-10,1,"wk flu hosp rate change",2026-10-17,"12","pmf","large_decrease",0
2026-10-10,1,"wk flu hosp rate change",2026-10-17,"54","pmf","large_decrease",0
2026-10-10,1,"wk flu hosp rate change",2026-10-17,"05","pmf","large_decrease",0
2026-10-10,1,"wk flu hosp rate change",2026-10-17,"10","pmf","large_decrease",0
2026-10-10,1,"wk flu hosp rate change",2026-10-17,"34","pmf","large_decrease",0
2026-10-10,1,"wk flu hosp rate change",2026-10-17,"51","pmf","large_decrease",0
2026-10-10,1,"wk flu hosp rate change",2026-10-17,"02","pmf","large_decrease",0
2026-10-10,1,"wk flu hosp rate change",2026-10-17,"25","pmf","large_decrease",0
2026-10-10,1,"wk flu hosp rate change",2026-10-17,"37","pmf","large_decrease",0
2026-10-10,1,"wk flu hosp rate change",2026-10-17,"46","pmf","large_decrease",0
2026-10-10,1,"wk flu hosp rate change",2026-10-17,"72","pmf","large_decrease",0
2026-10-10,2,"wk flu hosp rate change",2026-10-24,"20","pmf","large_decrease",0
2026-10-10,2,"wk flu hosp rate change",2026-10-24,"55","pmf","large_decrease",0
2026-10-10,2,"wk flu hosp rate change",2026-10-24,"09","pmf","large_decrease",0
2026-10-10,2,"wk flu hosp rate change",2026-10-24,"16","pmf","large_decrease",0
2026-10-10,2,"wk flu hosp rate change",2026-10-24,"29","pmf","large_decrease",0
2026-10-10,2,"wk flu hosp rate change",2026-10-24,"40","pmf","large_decrease",0
2026-10-10,2,"wk flu hosp rate change",2026-10-24,"35","pmf","large_decrease",0
2026-10-10,2,"wk flu hosp rate change",2026-10-24,"US","pmf","large_decrease",0
2026-10-10,2,"wk flu hosp rate change",2026-10-24,"01","pmf","large_decrease",0
2026-10-10,2,"wk flu hosp rate change",2026-10-24,"47","pmf","large_decrease",0
2026-10-10,2,"wk flu hosp rate change",2026-10-24,"17","pmf","large_decrease",0
2026-10-10,2,"wk flu hosp rate change",2026-10-24,"45","pmf","large_decrease",0
2026-10-10,2,"wk flu hosp rate change",2026-10-24,"27","pmf","large_decrease",0
2026-10-10,2,"wk flu hosp rate change",2026-10-24,"30","pmf","large_decrease",0
2026-10-10,2,"wk flu hosp rate change",2026-10-24,"04","pmf","large_decrease",0
2026-10-10,2,"wk flu hosp rate change",2026-10-24,"22","pmf","large_decrease",0
2026-10-10,2,"wk flu hosp rate change",2026-10-24,"28","pmf","large_decrease",0
2026-10-10,2,"wk flu hosp rate change",2026-10-24,"56","pmf","large_decrease",0
2026-10-10,2,"wk flu hosp rate change",2026-10-24,"18","pmf","large_decrease",0
2026-10-10,2,"wk flu hosp rate change",2026-10-24,"41","pmf","large_decrease",0
2026-10-10,2,"wk flu hosp rate change",2026-10-24,"23","pmf","large_decrease",0
2026-10-10,2,"wk flu hosp rate change",2026-10-24,"48","pmf","large_decrease",1.00028838239368e-48
2026-10-10,2,"wk flu hosp rate change",2026-10-24,"13","pmf","large_decrease",0
2026-10-10,2,"wk flu hosp rate change",2026-10-24,"38","pmf","large_decrease",0
2026-10-10,2,"wk flu hosp rate change",2026-10-24,"32","pmf","large_decrease",0
2026-10-10,2,"wk flu hosp rate change",2026-10-24,"36","pmf","large_decrease",0
2026-10-10,2,"wk flu hosp rate change",2026-10-24,"42","pmf","large_decrease",0
2026-10-10,2,"wk flu hosp rate change",2026-10-24,"15","pmf","large_decrease",0.000866939752732885
2026-10-10,2,"wk flu hosp rate change",2026-10-24,"21","pmf","large_decrease",4.46232271846822e-32
2026-10-10,2,"wk flu hosp rate change",2026-10-24,"24","pmf","large_decrease",0
2026-10-10,2,"wk flu hosp rate change",2026-10-24,"31","pmf","large_decrease",0
2026-10-10,2,"wk flu hosp rate change",2026-10-24,"53","pmf","large_decrease",0
2026-10-10,2,"wk flu hosp rate change",2026-10-24,"50","pmf","large_decrease",0
2026-10-10,2,"wk flu hosp rate change",2026-10-24,"26","pmf","large_decrease",0
2026-10-10,2,"wk flu hosp rate change",2026-10-24,"06","pmf","large_decrease",0
2026-10-10,2,"wk flu hosp rate change",2026-10-24,"39","pmf","large_decrease",0
2026-10-10,2,"wk flu hosp rate change",2026-10-24,"08","pmf","large_decrease",0
2026-10-10,2,"wk flu hosp rate change",2026-10-24,"33","pmf","large_decrease",0
2026-10-10,2,"wk flu hosp rate change",2026-10-24,"44","pmf","large_decrease",0
2026-10-10,2,"wk flu hosp rate change",2026-10-24,"49","pmf","large_decrease",0
2026-10-10,2,"wk flu hosp rate change",2026-10-24,"11","pmf","large_decrease",0
2026-10-10,2,"wk flu hosp rate change",2026-10-24,"19","pmf","large_decrease",0
2026-10-10,2,"wk flu hosp rate change",2026-10-24,"12","pmf","large_decrease",0
2026-10-10,2,"wk flu hosp rate change",2026-10-24,"54","pmf","large_decrease",0
2026-10-10,2,"wk flu hosp rate change",2026-10-24,"05","pmf","large_decrease",0
2026-10-10,2,"wk flu hosp rate change",2026-10-24,"10","pmf","large_decrease",0
2026-10-10,2,"wk flu hosp rate change",2026-10-24,"34","pmf","large_decrease",0
2026-10-10,2,"wk flu hosp rate change",2026-10-24,"51","pmf","large_decrease",0
2026-10-10,2,"wk flu hosp rate change",2026-10-24,"02","pmf","large_decrease",0
2026-10-10,2,"wk flu hosp rate change",2026-10-24,"25","pmf","large_decrease",0
2026-10-10,2,"wk flu hosp rate change",2026-10-24,"37","pmf","large_decrease",0
2026-10-10,2,"wk flu hosp rate change",2026-10-24,"46","pmf","large_decrease",0
2026-10-10,2,"wk flu hosp rate change",2026-10-24,"72","pmf","large_decrease",0
2026-10-10,3,"wk flu hosp rate change",2026-10-31,"20","pmf","large_decrease",0
2026-10-10,3,"wk flu hosp rate change",2026-10-31,"55","pmf","large_decrease",0
2026-10-10,3,"wk flu hosp rate change",2026-10-31,"09","pmf","large_decrease",0
2026-10-10,3,"wk flu hosp rate change",2026-10-31,"16","pmf","large_decrease",0
2026-10-10,3,"wk flu hosp rate change",2026-10-31,"29","pmf","large_decrease",0
2026-10-10,3,"wk flu hosp rate change",2026-10-31,"40","pmf","large_decrease",0
2026-10-10,3,"wk flu hosp rate change",2026-10-31,"35","pmf","large_decrease",0
2026-10-10,3,"wk flu hosp rate change",2026-10-31,"US","pmf","large_decrease",0
2026-10-10,3,"wk flu hosp rate change",2026-10-31,"01","pmf","large_decrease",0
2026-10-10,3,"wk flu hosp rate change",2026-10-31,"47","pmf","large_decrease",0
2026-10-10,3,"wk flu hosp rate change",2026-10-31,"17","pmf","large_decrease",0
2026-10-10,3,"wk flu hosp rate change",2026-10-31,"45","pmf","large_decrease",0
2026-10-10,3,"wk flu hosp rate change",2026-10-31,"27","pmf","large_decrease",0
2026-10-10,3,"wk flu hosp rate change",2026-10-31,"30","pmf","large_decrease",0
2026-10-10,3,"wk flu hosp rate change",2026-10-31,"04","pmf","large_decrease",0
2026-10-10,3,"wk flu hosp rate change",2026-10-31,"22","pmf","large_decrease",0
2026-10-10,3,"wk flu hosp rate change",2026-10-31,"28","pmf","large_decrease",0
2026-10-10,3,"wk flu hosp rate change",2026-10-31,"56","pmf","large_decrease",0
2026-10-10,3,"wk flu hosp rate change",2026-10-31,"18","pmf","large_decrease",0
2026-10-10,3,"wk flu hosp rate change",2026-10-31,"41","pmf","large_decrease",0
2026-10-10,3,"wk flu hosp rate change",2026-10-31,"23","pmf","large_decrease",0
2026-10-10,3,"wk flu hosp rate change",2026-10-31,"48","pmf","large_decrease",0
2026-10-10,3,"wk flu hosp rate change",2026-10-31,"13","pmf","large_decrease",0
2026-10-10,3,"wk flu hosp rate change",2026-10-31,"38","pmf","large_decrease",0
2026-10-10,3,"wk flu hosp rate change",2026-10-31,"32","pmf","large_decrease",1.06847164299911e-26
2026-10-10,3,"wk flu hosp rate change",2026-10-31,"36","pmf","large_decrease",0
2026-10-10,3,"wk flu hosp rate change",2026-10-31,"42","pmf","large_decrease",0
2026-10-10,3,"wk flu hosp rate change",2026-10-31,"15","pmf","large_decrease",0
2026-10-10,3,"wk flu hosp rate change",2026-10-31,"21","pmf","large_decrease",0
2026-10-10,3,"wk flu hosp rate change",2026-10-31,"24","pmf","large_decrease",0
2026-10-10,3,"wk flu hosp rate change",2026-10-31,"31","pmf","large_decrease",0
2026-10-10,3,"wk flu hosp rate change",2026-10-31,"53","pmf","large_decrease",0
2026-10-10,3,"wk flu hosp rate change",2026-10-31,"50","pmf","large_decrease",0
2026-10-10,3,"wk flu hosp rate change",2026-10-31,"26","pmf","large_decrease",0
2026-10-10,3,"wk flu hosp rate change",2026-10-31,"06","pmf","large_decrease",0
2026-10-10,3,"wk flu hosp rate change",2026-10-31,"39","pmf","large_decrease",0
2026-10-10,3,"wk flu hosp rate change",2026-10-31,"08","pmf","large_decrease",0
2026-10-10,3,"wk flu hosp rate change",2026-10-31,"33","pmf","large_decrease",0
2026-10-10,3,"wk flu hosp rate change",2026-10-31,"44","pmf","large_decrease",0
2026-10-10,3,"wk flu hosp rate change",2026-10-31,"49","pmf","large_decrease",0
2026-10-10,3,"wk flu hosp rate change",2026-10-31,"11","pmf","large_decrease",0
2026-10-10,3,"wk flu hosp rate change",2026-10-31,"19","pmf","large_decrease",0
2026-10-10,3,"wk flu hosp rate change",2026-10-31,"12","pmf","large_decrease",3.28245792696595e-13
2026-10-10,3,"wk flu hosp rate change",2026-10-31,"54","pmf","large_decrease",0
2026-10-10,3,"wk flu hosp rate change",2026-10-31,"05","pmf","large_decrease",0
2026-10-10,3,"wk flu hosp rate change",2026-10-31,"10","pmf","large_decrease",0
2026-10-10,3,"wk flu hosp rate change",2026-10-31,"34","pmf","large_decrease",0
2026-10-10,3,"wk flu hosp rate change",2026-10-31,"51","pmf","large_decrease",0
2026-10-10,3,"wk flu hosp rate change",2026-10-31,"02","pmf","large_decrease",0
2026-10-10,3,"wk flu hosp rate change",2026-10-31,"25","pmf","large_decrease",0
2026-10-10,3,"wk flu hosp rate change",2026-10-31,"37","pmf","large_decrease",0
2026-10-10,3,"wk flu hosp rate change",2026-10-31,"46","pmf","large_decrease",0
2026-10-10,3,"wk flu hosp rate change",2026-10-31,"72","pmf","large_decrease",7.90845751200107e-11
