reference_date,target,horizon,target_end_date,location,output_type,output_type_id,value
2026-10-10,wk inc flu hosp,0,2026-10-10,45,quantile,0.01,12
2026-10-10,wk inc flu hosp,0,2026-10-10,45,quantile,0.025,13
2026-10-10,wk inc flu hosp,0,2026-10-10,45,quantile,0.05,15
2026-10-10,wk inc flu hosp,0,2026-10-10,45,quantile,0.1,19
2026-10-10,wk inc flu hosp,0,2026-10-10,45,quantile,0.15,22
2026-10-10,wk inc flu hosp,0,2026-10-10,45,quantile,0.2,27
2026-10-10,wk inc flu hosp,0,2026-10-10,45,quantile,0.25,30
2026-10-10,wk inc flu hosp,0,2026-10-10,45,quantile,0.3,33
2026-10-10,wk inc flu hosp,0,2026-10-10,45,quantile,0.35,36
2026-10-10,wk inc flu hosp,0,2026-10-10,45,quantile,0.4,40
2026-10-10,wk inc flu hosp,0,2026-10-10,45,quantile,0.45,42
2026-10-10,wk inc flu hosp,0,2026-10-10,45,quantile,0.5,45
2026-10-10,wk inc flu hosp,0,2026-10-10,45,quantile,0.55,46
2026-10-10,wk inc flu hosp,0,2026-10-10,45,quantile,0.6,49
2026-10-10,wk inc flu hosp,0,2026-10-10,45,quantile,0.65,53
2026-10-10,wk inc flu hosp,0,2026-10-10,45,quantile,0.7,57
2026-10-10,wk inc flu hosp,0,2026-10-10,45,quantile,0.75,63
2026-10-10,wk inc flu hosp,0,2026-10-10,45,quantile,0.8,70
2026-10-10,wk inc flu hosp,0,2026-10-10,45,quantile,0.85,78
2026-10-10,wk inc flu hosp,0,2026-10-10,45,quantile,0.9,110
2026-10-10,wk inc flu hosp,0,2026-10-10,45,quantile,0.95,139
2026-10-10,wk inc flu hosp,0,2026-10-10,45,quantile,0.975,181
2026-10-10,wk inc flu hosp,0,2026-10-10,45,quantile,0.99,188
2026-10-10,wk inc flu hosp,1,2026-10-17,45,quantile,0.01,14
2026-10-10,wk inc flu hosp,1,2026-10-17,45,quantile,0.025,17
2026-10-10,wk inc flu hosp,1,2026-10-17,45,quantile,0.05,21
2026-10-10,wk inc flu hosp,1,2026-10-17,45,quantile,0.1,23
2026-10-10,wk inc flu hosp,1,2026-10-17,45,quantile,0.15,28
2026-10-10,wk inc flu hosp,1,2026-10-17,45,quantile,0.2,32
2026-10-10,wk inc flu hosp,1,2026-10-17,45,quantile,0.25,37
2026-10-10,wk inc flu hosp,1,2026-10-17,45,quantile,0.3,42
2026-10-10,wk inc flu hosp,1,2026-10-17,45,quantile,0.35,51
2026-10-10,wk inc flu hosp,1,2026-10-17,45,quantile,0.4,56
2026-10-10,wk inc flu hosp,1,2026-10-17,45,quantile,0.45,57
2026-10-10,wk inc flu hosp,1,2026-10-17,45,quantile,0.5,59
2026-10-10,wk inc flu hosp,1,2026-10-17,45,quantile,0.55,62
2026-10-10,wk inc flu hosp,1,2026-10-17,45,quantile,0.6,75
2026-10-10,wk inc flu hosp,1,2026-10-17,45,quantile,0.65,78
2026-10-10,wk inc flu hosp,1,2026-10-17,45,quantile,0.7,83
2026-10-10,wk inc flu hosp,1,2026-10-17,45,quantile,0.75,97
2026-10-10,wk inc flu hosp,1,2026-10-17,45,quantile,0.8,121
2026-10-10,wk inc flu hosp,1,2026-10-17,45,quantile,0.85,140
2026-10-10,wk inc flu hosp,1,2026-10-17,45,quantile,0.9,167
2026-10-10,wk inc flu hosp,1,2026-10-17,45,quantile,0.95,202
2026-10-10,wk inc flu hosp,1,2026-10-17,45,quantile,0.975,266
2026-10-10,wk inc flu hosp,1,2026-10-17,45,quantile,0.99,323
2026-10-10,wk inc flu hosp,2,2026-10-24,45,quantile,0.01,7
2026-10-10,wk inc flu hosp,2,2026-10-24,45,quantile,0.025,9
2026-10-10,wk inc flu hosp,2,2026-10-24,45,quantile,0.05,13
2026-10-10,wk inc flu hosp,2,2026-10-24,45,quantile,0.1,15
2026-10-10,wk inc flu hosp,2,2026-10-24,45,quantile,0.15,19
2026-10-10,wk inc flu hosp,2,2026-10-24,45,quantile,0.2,20
2026-10-10,wk inc flu hosp,2,2026-10-24,45,quantile,0.25,32
2026-10-10,wk inc flu hosp,2,2026-10-24,45,quantile,0.3,39
2026-10-10,wk inc flu hosp,2,2026-10-24,45,quantile,0.35,44
2026-10-10,wk inc flu hosp,2,2026-10-24,45,quantile,0.4,52
2026-10-10,wk inc flu hosp,2,2026-10-24,45,quantile,0.45,63
2026-10-10,wk inc flu hosp,2,2026-10-24,45,quantile,0.5,73
2026-10-10,wk inc flu hosp,2,2026-10-24,45,quantile,0.55,84
2026-10-10,wk inc flu hosp,2,2026-10-24,45,quantile,0.6,93
2026-10-10,wk inc flu hosp,2,2026-10-24,45,quantile,0.65,97
2026-10-10,wk inc flu hosp,2,2026-10-24,45,quantile,0.7,111
2026-10-10,wk inc flu hosp,2,2026-10-24,45,quantile,0.75,131
2026-10-10,wk inc flu hosp,2,2026-10-24,45,quantile,0.8,135
2026-10-10,wk inc flu hosp,2,2026-10-24,45,quantile,0.85,149
2026-10-10,wk inc flu hosp,2,2026-10-24,45,quantile,0.9,168
2026-10-10,wk inc flu hosp,2,2026-10-24,45,quantile,0.95,211
2026-10-10,wk inc flu hosp,2,2026-10-24,45,quantile,0.975,264
2026-10-10,wk inc flu hosp,2,2026-10-24,45,quantile,0.99,285
2026-10-10,wk inc flu hosp,3,2026-10-31,45,quantile,0.01,4
2026-10-10,wk inc flu hosp,3,2026-10-31,45,quantile,0.025,5
2026-10-10,wk inc flu hosp,3,2026-10-31,45,quantile,0.05,9
2026-10-10,wk inc flu hosp,3,2026-10-31,45,quantile,0.1,14
2026-10-10,wk inc flu hosp,3,2026-10-31,45,quantile,0.15,18
2026-10-10,wk inc flu hosp,3,2026-10-31,45,quantile,0.2,24
2026-10-10,wk inc flu hosp,3,2026-10-31,45,quantile,0.25,27
2026-10-10,wk inc flu hosp,3,2026-10-31,45,quantile,0.3,38
2026-10-10,wk inc flu hosp,3,2026-10-31,45,quantile,0.35,50
2026-10-10,wk inc flu hosp,3,2026-10-31,45,quantile,0.4,55
2026-10-10,wk inc flu hosp,3,2026-10-31,45,quantile,0.45,58
2026-10-10,wk inc flu hosp,3,2026-10-31,45,quantile,0.5,77
2026-10-10,wk inc flu hosp,3,2026-10-31,45,quantile,0.55,84
2026-10-10,wk inc flu hosp,3,2026-10-31,45,quantile,0.6,87
2026-10-10,wk inc flu hosp,3,2026-10-31,45,quantile,0.65,102
2026-10-10,wk inc flu hosp,3,2026-10-31,45,quantile,0.7,115
2026-10-10,wk inc flu hosp,3,2026-10-31,45,quantile,0.75,134
2026-10-10,wk inc flu hosp,3,2026-10-31,45,quantile,0.8,164
2026-10-10,wk inc flu hosp,3,2026-10-31,45,quantile,0.85,188
2026-10-10,wk inc flu hosp,3,2026-10-31,45,quantile,0.9,208
2026-10-10,wk inc flu hosp,3,2026-10-31,45,quantile,0.95,329
2026-10-10,wk inc flu hosp,3,2026-10-31,45,quantile,0.975,377
2026-10-10,wk inc flu hosp,3,2026-10-31,45,quantile,0.99,496
