"","model_id","peak inc flu hosp","peak week inc flu hosp","wk flu hosp rate change","wk inc flu hosp","wk inc flu prop ed visits"
"1","ACCIDDA-EpiLoom",FALSE,FALSE,FALSE,TRUE,TRUE
"2","BYFlu-STMGGP",TRUE,TRUE,TRUE,TRUE,FALSE
"3","CADPH-FluCAT_Ensemble",FALSE,FALSE,FALSE,TRUE,FALSE
"4","CEPH-Rtrend_fluH",FALSE,FALSE,TRUE,TRUE,FALSE
"5","CFA-NowcastAutoGP",FALSE,FALSE,FALSE,FALSE,TRUE
"6","CFA-PyRenew_E",FALSE,FALSE,FALSE,FALSE,TRUE
"7","CFA-PyRenew_HE",FALSE,FALSE,FALSE,TRUE,FALSE
"8","CMU-TimeSeries",FALSE,FALSE,FALSE,TRUE,TRUE
"9","CMU-TimeSeries_Cal",FALSE,FALSE,FALSE,FALSE,FALSE
"10","CU-ensemble",TRUE,TRUE,TRUE,TRUE,TRUE
"11","CUSTS-Ens_base",FALSE,FALSE,FALSE,FALSE,FALSE
"12","CUSTS-STS_Residual",TRUE,TRUE,FALSE,TRUE,FALSE
"13","Cornell_JHU-SCARCHhierarSIR",TRUE,TRUE,FALSE,TRUE,FALSE
"14","Cornell_JHU-hierarchSIR",FALSE,FALSE,FALSE,FALSE,FALSE
"15","DMAPRIME-HYB",FALSE,FALSE,FALSE,TRUE,TRUE
"16","DMAPRIME-QR",FALSE,FALSE,FALSE,TRUE,FALSE
"17","DMAPRIME-RF",FALSE,FALSE,FALSE,FALSE,FALSE
"18","Epistorm-Ensemble_Flu",FALSE,FALSE,FALSE,TRUE,FALSE
"19","GT_Influencers-ensemble",FALSE,FALSE,FALSE,TRUE,FALSE
"20","Gatech-ensemble_prob",FALSE,FALSE,FALSE,TRUE,FALSE
"21","Gatech-ensemble_stat",FALSE,FALSE,FALSE,TRUE,FALSE
"22","LUcompUncertLab-puca",FALSE,FALSE,FALSE,TRUE,FALSE
"23","MIGHTE-Base",FALSE,FALSE,TRUE,TRUE,TRUE
"24","MIGHTE-Linear",FALSE,FALSE,FALSE,FALSE,FALSE
"25","MIGHTE-Nsemble",FALSE,FALSE,FALSE,TRUE,FALSE
"26","MOBS-EpyStrain_Flu",FALSE,FALSE,FALSE,TRUE,TRUE
"27","NAU-FourCAT",FALSE,FALSE,FALSE,TRUE,FALSE
"28","NAU-epymorph",FALSE,FALSE,FALSE,TRUE,FALSE
"29","NAU-vulPES",FALSE,FALSE,FALSE,FALSE,FALSE
"30","NAU_PyBNF-GroundHogCGR",FALSE,FALSE,FALSE,TRUE,FALSE
"31","NAU_PyBNF-OracleSIHRS",FALSE,FALSE,FALSE,TRUE,FALSE
"32","NEU_ISI-FluBcast",FALSE,FALSE,FALSE,TRUE,FALSE
"33","NU-EMBERS",FALSE,FALSE,FALSE,TRUE,FALSE
"34","OHT_JHU-nbxd",FALSE,FALSE,FALSE,TRUE,FALSE
"35","PSI-CAT_MOA",FALSE,FALSE,TRUE,FALSE,FALSE
"36","PSI-PROF",TRUE,TRUE,TRUE,TRUE,FALSE
"37","PSI-PROF_MOA",TRUE,TRUE,FALSE,TRUE,FALSE
"38","Sentinel-Ens",FALSE,FALSE,TRUE,TRUE,FALSE
"39","UGA_CEID-Walk",FALSE,FALSE,FALSE,TRUE,FALSE
"40","UGA_CEID-auto_AVG_LB",FALSE,FALSE,FALSE,TRUE,FALSE
"41","UGA_flucast-Copycat",FALSE,FALSE,FALSE,FALSE,FALSE
"42","UGA_flucast-INFLAenza",FALSE,FALSE,FALSE,TRUE,TRUE
"43","UM-DeepOutbreak",FALSE,FALSE,TRUE,TRUE,FALSE
"44","UMass-AR2",FALSE,FALSE,FALSE,FALSE,FALSE
"45","UMass-flusion",FALSE,FALSE,FALSE,TRUE,TRUE
"46","UMass-peakGB",TRUE,TRUE,FALSE,FALSE,FALSE
"47","UMass-trends_ensemble",FALSE,FALSE,FALSE,FALSE,FALSE
"48","UVAFluX-Ensemble",FALSE,FALSE,FALSE,TRUE,FALSE
"49","VTSanghani-PRIME",FALSE,FALSE,FALSE,TRUE,FALSE
"50","Xi_lab-GLEAM_AI",FALSE,FALSE,TRUE,TRUE,FALSE
"51","Xi_lab-GLEAM_AI_hybrid",FALSE,FALSE,TRUE,TRUE,FALSE
"52","docxology-panelqr",FALSE,FALSE,FALSE,TRUE,FALSE
