"reference_date","target","horizon","target_end_date","location","output_type","output_type_id","value"
2026-10-10,"wk flu hosp rate change",0,2026-10-10,"01","pmf","stable",0.300534551039288
2026-10-10,"wk flu hosp rate change",0,2026-10-10,"01","pmf","increase",0.699465448960712
2026-10-10,"wk flu hosp rate change",0,2026-10-10,"01","pmf","decrease",0
2026-10-10,"wk flu hosp rate change",0,2026-10-10,"01","pmf","large_increase",0
2026-10-10,"wk flu hosp rate change",0,2026-10-10,"01","pmf","large_decrease",0
2026-10-10,"wk flu hosp rate change",0,2026-10-10,"02","pmf","stable",0.939596801157781
2026-10-10,"wk flu hosp rate change",0,2026-10-10,"02","pmf","increase",0.0309318983823769
2026-10-10,"wk flu hosp rate change",0,2026-10-10,"02","pmf","decrease",0.029471300459842
2026-10-10,"wk flu hosp rate change",0,2026-10-10,"02","pmf","large_increase",0
2026-10-10,"wk flu hosp rate change",0,2026-10-10,"02","pmf","large_decrease",0
2026-10-10,"wk flu hosp rate change",0,2026-10-10,"04","pmf","stable",0.879896541972388
2026-10-10,"wk flu hosp rate change",0,2026-10-10,"04","pmf","increase",0.0836627802968876
2026-10-10,"wk flu hosp rate change",0,2026-10-10,"04","pmf","decrease",0.0364406777307248
2026-10-10,"wk flu hosp rate change",0,2026-10-10,"04","pmf","large_increase",0
2026-10-10,"wk flu hosp rate change",0,2026-10-10,"04","pmf","large_decrease",0
2026-10-10,"wk flu hosp rate change",0,2026-10-10,"05","pmf","stable",0.789049600699059
2026-10-10,"wk flu hosp rate change",0,2026-10-10,"05","pmf","increase",0.210950399300941
2026-10-10,"wk flu hosp rate change",0,2026-10-10,"05","pmf","decrease",0
2026-10-10,"wk flu hosp rate change",0,2026-10-10,"05","pmf","large_increase",0
2026-10-10,"wk flu hosp rate change",0,2026-10-10,"05","pmf","large_decrease",0
2026-10-10,"wk flu hosp rate change",0,2026-10-10,"06","pmf","stable",0.259788550463795
2026-10-10,"wk flu hosp rate change",0,2026-10-10,"06","pmf","increase",0.740211449536205
2026-10-10,"wk flu hosp rate change",0,2026-10-10,"06","pmf","decrease",0
2026-10-10,"wk flu hosp rate change",0,2026-10-10,"06","pmf","large_increase",0
2026-10-10,"wk flu hosp rate change",0,2026-10-10,"06","pmf","large_decrease",0
2026-10-10,"wk flu hosp rate change",0,2026-10-10,"08","pmf","stable",0.800439163177178
2026-10-10,"wk flu hosp rate change",0,2026-10-10,"08","pmf","increase",0.199560836822822
2026-10-10,"wk flu hosp rate change",0,2026-10-10,"08","pmf","decrease",0
2026-10-10,"wk flu hosp rate change",0,2026-10-10,"08","pmf","large_increase",0
2026-10-10,"wk flu hosp rate change",0,2026-10-10,"08","pmf","large_decrease",0
2026-10-10,"wk flu hosp rate change",0,2026-10-10,"09","pmf","stable",0.903537076694877
2026-10-10,"wk flu hosp rate change",0,2026-10-10,"09","pmf","increase",0.0964629233051232
2026-10-10,"wk flu hosp rate change",0,2026-10-10,"09","pmf","decrease",0
2026-10-10,"wk flu hosp rate change",0,2026-10-10,"09","pmf","large_increase",0
2026-10-10,"wk flu hosp rate change",0,2026-10-10,"09","pmf","large_decrease",0
2026-10-10,"wk flu hosp rate change",0,2026-10-10,"10","pmf","stable",1
2026-10-10,"wk flu hosp rate change",0,2026-10-10,"10","pmf","increase",0
2026-10-10,"wk flu hosp rate change",0,2026-10-10,"10","pmf","decrease",0
2026-10-10,"wk flu hosp rate change",0,2026-10-10,"10","pmf","large_increase",0
2026-10-10,"wk flu hosp rate change",0,2026-10-10,"10","pmf","large_decrease",0
2026-10-10,"wk flu hosp rate change",0,2026-10-10,"11","pmf","stable",1
2026-10-10,"wk flu hosp rate change",0,2026-10-10,"11","pmf","increase",0
2026-10-10,"wk flu hosp rate change",0,2026-10-10,"11","pmf","decrease",0
2026-10-10,"wk flu hosp rate change",0,2026-10-10,"11","pmf","large_increase",0
2026-10-10,"wk flu hosp rate change",0,2026-10-10,"11","pmf","large_decrease",0
2026-10-10,"wk flu hosp rate change",0,2026-10-10,"12","pmf","stable",0.435190976631925
2026-10-10,"wk flu hosp rate change",0,2026-10-10,"12","pmf","increase",0.400827741947499
2026-10-10,"wk flu hosp rate change",0,2026-10-10,"12","pmf","decrease",0.163981281420576
2026-10-10,"wk flu hosp rate change",0,2026-10-10,"12","pmf","large_increase",0
2026-10-10,"wk flu hosp rate change",0,2026-10-10,"12","pmf","large_decrease",0
2026-10-10,"wk flu hosp rate change",0,2026-10-10,"13","pmf","stable",0.952612193443056
2026-10-10,"wk flu hosp rate change",0,2026-10-10,"13","pmf","increase",0.047387806556944
2026-10-10,"wk flu hosp rate change",0,2026-10-10,"13","pmf","decrease",0
2026-10-10,"wk flu hosp rate change",0,2026-10-10,"13","pmf","large_increase",0
2026-10-10,"wk flu hosp rate change",0,2026-10-10,"13","pmf","large_decrease",0
2026-10-10,"wk flu hosp rate change",0,2026-10-10,"15","pmf","stable",0.741053852690066
2026-10-10,"wk flu hosp rate change",0,2026-10-10,"15","pmf","increase",0.115418225418238
2026-10-10,"wk flu hosp rate change",0,2026-10-10,"15","pmf","decrease",0.0594107598753906
2026-10-10,"wk flu hosp rate change",0,2026-10-10,"15","pmf","large_increase",0.0496801679073442
2026-10-10,"wk flu hosp rate change",0,2026-10-10,"15","pmf","large_decrease",0.0344369941089612
2026-10-10,"wk flu hosp rate change",0,2026-10-10,"16","pmf","stable",1
2026-10-10,"wk flu hosp rate change",0,2026-10-10,"16","pmf","increase",0
2026-10-10,"wk flu hosp rate change",0,2026-10-10,"16","pmf","decrease",0
2026-10-10,"wk flu hosp rate change",0,2026-10-10,"16","pmf","large_increase",0
2026-10-10,"wk flu hosp rate change",0,2026-10-10,"16","pmf","large_decrease",0
2026-10-10,"wk flu hosp rate change",0,2026-10-10,"17","pmf","stable",0.697107741894588
2026-10-10,"wk flu hosp rate change",0,2026-10-10,"17","pmf","increase",0.175271339891385
2026-10-10,"wk flu hosp rate change",0,2026-10-10,"17","pmf","decrease",0.127620918214026
2026-10-10,"wk flu hosp rate change",0,2026-10-10,"17","pmf","large_increase",0
2026-10-10,"wk flu hosp rate change",0,2026-10-10,"17","pmf","large_decrease",0
2026-10-10,"wk flu hosp rate change",0,2026-10-10,"18","pmf","stable",0.933355120134228
2026-10-10,"wk flu hosp rate change",0,2026-10-10,"18","pmf","increase",0.066644879865772
2026-10-10,"wk flu hosp rate change",0,2026-10-10,"18","pmf","decrease",0
2026-10-10,"wk flu hosp rate change",0,2026-10-10,"18","pmf","large_increase",0
2026-10-10,"wk flu hosp rate change",0,2026-10-10,"18","pmf","large_decrease",0
2026-10-10,"wk flu hosp rate change",0,2026-10-10,"19","pmf","stable",0.97781327514638
2026-10-10,"wk flu hosp rate change",0,2026-10-10,"19","pmf","increase",0.0221867248536204
2026-10-10,"wk flu hosp rate change",0,2026-10-10,"19","pmf","decrease",0
2026-10-10,"wk flu hosp rate change",0,2026-10-10,"19","pmf","large_increase",0
2026-10-10,"wk flu hosp rate change",0,2026-10-10,"19","pmf","large_decrease",0
2026-10-10,"wk flu hosp rate change",0,2026-10-10,"20","pmf","stable",1
2026-10-10,"wk flu hosp rate change",0,2026-10-10,"20","pmf","increase",0
2026-10-10,"wk flu hosp rate change",0,2026-10-10,"20","pmf","decrease",0
2026-10-10,"wk flu hosp rate change",0,2026-10-10,"20","pmf","large_increase",0
2026-10-10,"wk flu hosp rate change",0,2026-10-10,"20","pmf","large_decrease",0
2026-10-10,"wk flu hosp rate change",0,2026-10-10,"21","pmf","stable",0.38241683227431
2026-10-10,"wk flu hosp rate change",0,2026-10-10,"21","pmf","increase",0.61758316772569
2026-10-10,"wk flu hosp rate change",0,2026-10-10,"21","pmf","decrease",0
2026-10-10,"wk flu hosp rate change",0,2026-10-10,"21","pmf","large_increase",0
2026-10-10,"wk flu hosp rate change",0,2026-10-10,"21","pmf","large_decrease",0
2026-10-10,"wk flu hosp rate change",0,2026-10-10,"22","pmf","stable",0.413935202914994
2026-10-10,"wk flu hosp rate change",0,2026-10-10,"22","pmf","increase",0.539389525931887
2026-10-10,"wk flu hosp rate change",0,2026-10-10,"22","pmf","decrease",0.0466752711531193
2026-10-10,"wk flu hosp rate change",0,2026-10-10,"22","pmf","large_increase",0
2026-10-10,"wk flu hosp rate change",0,2026-10-10,"22","pmf","large_decrease",0
2026-10-10,"wk flu hosp rate change",0,2026-10-10,"23","pmf","stable",1
2026-10-10,"wk flu hosp rate change",0,2026-10-10,"23","pmf","increase",0
2026-10-10,"wk flu hosp rate change",0,2026-10-10,"23","pmf","decrease",0
2026-10-10,"wk flu hosp rate change",0,2026-10-10,"23","pmf","large_increase",0
2026-10-10,"wk flu hosp rate change",0,2026-10-10,"23","pmf","large_decrease",0
2026-10-10,"wk flu hosp rate change",0,2026-10-10,"24","pmf","stable",1
2026-10-10,"wk flu hosp rate change",0,2026-10-10,"24","pmf","increase",0
2026-10-10,"wk flu hosp rate change",0,2026-10-10,"24","pmf","decrease",0
2026-10-10,"wk flu hosp rate change",0,2026-10-10,"24","pmf","large_increase",0
2026-10-10,"wk flu hosp rate change",0,2026-10-10,"24","pmf","large_decrease",0
2026-10-10,"wk flu hosp rate change",0,2026-10-10,"25","pmf","stable",1
2026-10-10,"wk flu hosp rate change",0,2026-10-10,"25","pmf","increase",0
2026-10-10,"wk flu hosp rate change",0,2026-10-10,"25","pmf","decrease",0
2026-10-10,"wk flu hosp rate change",0,2026-10-10,"25","pmf","large_increase",0
2026-10-10,"wk flu hosp rate change",0,2026-10-10,"25","pmf","large_decrease",0
2026-10-10,"wk flu hosp rate change",0,2026-10-10,"26","pmf","stable",0.867572913967919
2026-10-10,"wk flu hosp rate change",0,2026-10-10,"26","pmf","increase",0.0733940715274847
2026-10-10,"wk flu hosp rate change",0,2026-10-10,"26","pmf","decrease",0.0590330145045961
2026-10-10,"wk flu hosp rate change",0,2026-10-10,"26","pmf","large_increase",0
2026-10-10,"wk flu hosp rate change",0,2026-10-10,"26","pmf","large_decrease",0
2026-10-10,"wk flu hosp rate change",0,2026-10-10,"27","pmf","stable",0.520229083333333
2026-10-10,"wk flu hosp rate change",0,2026-10-10,"27","pmf","increase",0.479770916666667
2026-10-10,"wk flu hosp rate change",0,2026-10-10,"27","pmf","decrease",0
2026-10-10,"wk flu hosp rate change",0,2026-10-10,"27","pmf","large_increase",0
2026-10-10,"wk flu hosp rate change",0,2026-10-10,"27","pmf","large_decrease",0
2026-10-10,"wk flu hosp rate change",0,2026-10-10,"28","pmf","stable",0.560350762553122
2026-10-10,"wk flu hosp rate change",0,2026-10-10,"28","pmf","increase",0.439649237446878
2026-10-10,"wk flu hosp rate change",0,2026-10-10,"28","pmf","decrease",0
2026-10-10,"wk flu hosp rate change",0,2026-10-10,"28","pmf","large_increase",0
2026-10-10,"wk flu hosp rate change",0,2026-10-10,"28","pmf","large_decrease",0
2026-10-10,"wk flu hosp rate change",0,2026-10-10,"29","pmf","stable",0.796706640458684
2026-10-10,"wk flu hosp rate change",0,2026-10-10,"29","pmf","increase",0.203293359541316
2026-10-10,"wk flu hosp rate change",0,2026-10-10,"29","pmf","decrease",0
2026-10-10,"wk flu hosp rate change",0,2026-10-10,"29","pmf","large_increase",0
2026-10-10,"wk flu hosp rate change",0,2026-10-10,"29","pmf","large_decrease",0
2026-10-10,"wk flu hosp rate change",0,2026-10-10,"30","pmf","stable",0.431339244608539
2026-10-10,"wk flu hosp rate change",0,2026-10-10,"30","pmf","increase",0.247558621779268
2026-10-10,"wk flu hosp rate change",0,2026-10-10,"30","pmf","decrease",0.283323098141446
2026-10-10,"wk flu hosp rate change",0,2026-10-10,"30","pmf","large_increase",0.037779035470747
2026-10-10,"wk flu hosp rate change",0,2026-10-10,"30","pmf","large_decrease",0
2026-10-10,"wk flu hosp rate change",0,2026-10-10,"31","pmf","stable",0.898036316565276
2026-10-10,"wk flu hosp rate change",0,2026-10-10,"31","pmf","increase",0.0396645558172114
2026-10-10,"wk flu hosp rate change",0,2026-10-10,"31","pmf","decrease",0.0622991276175126
2026-10-10,"wk flu hosp rate change",0,2026-10-10,"31","pmf","large_increase",0
2026-10-10,"wk flu hosp rate change",0,2026-10-10,"31","pmf","large_decrease",0
2026-10-10,"wk flu hosp rate change",0,2026-10-10,"32","pmf","stable",0.872490986588582
2026-10-10,"wk flu hosp rate change",0,2026-10-10,"32","pmf","increase",0.0511115146702164
2026-10-10,"wk flu hosp rate change",0,2026-10-10,"32","pmf","decrease",0.0763974987412015
2026-10-10,"wk flu hosp rate change",0,2026-10-10,"32","pmf","large_increase",0
2026-10-10,"wk flu hosp rate change",0,2026-10-10,"32","pmf","large_decrease",0
2026-10-10,"wk flu hosp rate change",0,2026-10-10,"33","pmf","stable",1
2026-10-10,"wk flu hosp rate change",0,2026-10-10,"33","pmf","increase",0
2026-10-10,"wk flu hosp rate change",0,2026-10-10,"33","pmf","decrease",0
2026-10-10,"wk flu hosp rate change",0,2026-10-10,"33","pmf","large_increase",0
2026-10-10,"wk flu hosp rate change",0,2026-10-10,"33","pmf","large_decrease",0
2026-10-10,"wk flu hosp rate change",0,2026-10-10,"34","pmf","stable",0.496930676066632
2026-10-10,"wk flu hosp rate change",0,2026-10-10,"34","pmf","increase",0.503069323933368
2026-10-10,"wk flu hosp rate change",0,2026-10-10,"34","pmf","decrease",0
2026-10-10,"wk flu hosp rate change",0,2026-10-10,"34","pmf","large_increase",0
2026-10-10,"wk flu hosp rate change",0,2026-10-10,"34","pmf","large_decrease",0
2026-10-10,"wk flu hosp rate change",0,2026-10-10,"35","pmf","stable",1
2026-10-10,"wk flu hosp rate change",0,2026-10-10,"35","pmf","increase",0
2026-10-10,"wk flu hosp rate change",0,2026-10-10,"35","pmf","decrease",0
2026-10-10,"wk flu hosp rate change",0,2026-10-10,"35","pmf","large_increase",0
2026-10-10,"wk flu hosp rate change",0,2026-10-10,"35","pmf","large_decrease",0
2026-10-10,"wk flu hosp rate change",0,2026-10-10,"36","pmf","stable",0.786292316688968
2026-10-10,"wk flu hosp rate change",0,2026-10-10,"36","pmf","increase",0.213707683311032
2026-10-10,"wk flu hosp rate change",0,2026-10-10,"36","pmf","decrease",0
2026-10-10,"wk flu hosp rate change",0,2026-10-10,"36","pmf","large_increase",0
2026-10-10,"wk flu hosp rate change",0,2026-10-10,"36","pmf","large_decrease",0
2026-10-10,"wk flu hosp rate change",0,2026-10-10,"37","pmf","stable",0.569461331849497
2026-10-10,"wk flu hosp rate change",0,2026-10-10,"37","pmf","increase",0.430538668150503
2026-10-10,"wk flu hosp rate change",0,2026-10-10,"37","pmf","decrease",0
2026-10-10,"wk flu hosp rate change",0,2026-10-10,"37","pmf","large_increase",0
2026-10-10,"wk flu hosp rate change",0,2026-10-10,"37","pmf","large_decrease",0
2026-10-10,"wk flu hosp rate change",0,2026-10-10,"38","pmf","stable",1
2026-10-10,"wk flu hosp rate change",0,2026-10-10,"38","pmf","increase",0
2026-10-10,"wk flu hosp rate change",0,2026-10-10,"38","pmf","decrease",0
2026-10-10,"wk flu hosp rate change",0,2026-10-10,"38","pmf","large_increase",0
2026-10-10,"wk flu hosp rate change",0,2026-10-10,"38","pmf","large_decrease",0
2026-10-10,"wk flu hosp rate change",0,2026-10-10,"39","pmf","stable",0.733070276979001
2026-10-10,"wk flu hosp rate change",0,2026-10-10,"39","pmf","increase",0.266929723020999
2026-10-10,"wk flu hosp rate change",0,2026-10-10,"39","pmf","decrease",0
2026-10-10,"wk flu hosp rate change",0,2026-10-10,"39","pmf","large_increase",0
2026-10-10,"wk flu hosp rate change",0,2026-10-10,"39","pmf","large_decrease",0
2026-10-10,"wk flu hosp rate change",0,2026-10-10,"40","pmf","stable",0.797084314647413
2026-10-10,"wk flu hosp rate change",0,2026-10-10,"40","pmf","increase",0.202915685352587
2026-10-10,"wk flu hosp rate change",0,2026-10-10,"40","pmf","decrease",0
2026-10-10,"wk flu hosp rate change",0,2026-10-10,"40","pmf","large_increase",0
2026-10-10,"wk flu hosp rate change",0,2026-10-10,"40","pmf","large_decrease",0
2026-10-10,"wk flu hosp rate change",0,2026-10-10,"41","pmf","stable",0.808572566830207
2026-10-10,"wk flu hosp rate change",0,2026-10-10,"41","pmf","increase",0.191427433169793
2026-10-10,"wk flu hosp rate change",0,2026-10-10,"41","pmf","decrease",0
2026-10-10,"wk flu hosp rate change",0,2026-10-10,"41","pmf","large_increase",0
2026-10-10,"wk flu hosp rate change",0,2026-10-10,"41","pmf","large_decrease",0
2026-10-10,"wk flu hosp rate change",0,2026-10-10,"42","pmf","stable",0.678353360847216
2026-10-10,"wk flu hosp rate change",0,2026-10-10,"42","pmf","increase",0.254436286679352
2026-10-10,"wk flu hosp rate change",0,2026-10-10,"42","pmf","decrease",0.0672103524734317
2026-10-10,"wk flu hosp rate change",0,2026-10-10,"42","pmf","large_increase",0
2026-10-10,"wk flu hosp rate change",0,2026-10-10,"42","pmf","large_decrease",0
2026-10-10,"wk flu hosp rate change",0,2026-10-10,"44","pmf","stable",1
2026-10-10,"wk flu hosp rate change",0,2026-10-10,"44","pmf","increase",0
2026-10-10,"wk flu hosp rate change",0,2026-10-10,"44","pmf","decrease",0
2026-10-10,"wk flu hosp rate change",0,2026-10-10,"44","pmf","large_increase",0
2026-10-10,"wk flu hosp rate change",0,2026-10-10,"44","pmf","large_decrease",0
2026-10-10,"wk flu hosp rate change",0,2026-10-10,"45","pmf","stable",0.668424339377168
2026-10-10,"wk flu hosp rate change",0,2026-10-10,"45","pmf","increase",0.331575660622832
2026-10-10,"wk flu hosp rate change",0,2026-10-10,"45","pmf","decrease",0
2026-10-10,"wk flu hosp rate change",0,2026-10-10,"45","pmf","large_increase",0
2026-10-10,"wk flu hosp rate change",0,2026-10-10,"45","pmf","large_decrease",0
2026-10-10,"wk flu hosp rate change",0,2026-10-10,"46","pmf","stable",1
2026-10-10,"wk flu hosp rate change",0,2026-10-10,"46","pmf","increase",0
2026-10-10,"wk flu hosp rate change",0,2026-10-10,"46","pmf","decrease",0
2026-10-10,"wk flu hosp rate change",0,2026-10-10,"46","pmf","large_increase",0
2026-10-10,"wk flu hosp rate change",0,2026-10-10,"46","pmf","large_decrease",0
2026-10-10,"wk flu hosp rate change",0,2026-10-10,"47","pmf","stable",0.639000110788951
2026-10-10,"wk flu hosp rate change",0,2026-10-10,"47","pmf","increase",0.360999889211049
2026-10-10,"wk flu hosp rate change",0,2026-10-10,"47","pmf","decrease",0
2026-10-10,"wk flu hosp rate change",0,2026-10-10,"47","pmf","large_increase",0
2026-10-10,"wk flu hosp rate change",0,2026-10-10,"47","pmf","large_decrease",0
2026-10-10,"wk flu hosp rate change",0,2026-10-10,"48","pmf","stable",0.578406169325931
2026-10-10,"wk flu hosp rate change",0,2026-10-10,"48","pmf","increase",0.421593830674069
2026-10-10,"wk flu hosp rate change",0,2026-10-10,"48","pmf","decrease",0
2026-10-10,"wk flu hosp rate change",0,2026-10-10,"48","pmf","large_increase",0
2026-10-10,"wk flu hosp rate change",0,2026-10-10,"48","pmf","large_decrease",0
2026-10-10,"wk flu hosp rate change",0,2026-10-10,"49","pmf","stable",1
2026-10-10,"wk flu hosp rate change",0,2026-10-10,"49","pmf","increase",0
2026-10-10,"wk flu hosp rate change",0,2026-10-10,"49","pmf","decrease",0
2026-10-10,"wk flu hosp rate change",0,2026-10-10,"49","pmf","large_increase",0
2026-10-10,"wk flu hosp rate change",0,2026-10-10,"49","pmf","large_decrease",0
2026-10-10,"wk flu hosp rate change",0,2026-10-10,"50","pmf","stable",1
2026-10-10,"wk flu hosp rate change",0,2026-10-10,"50","pmf","increase",0
2026-10-10,"wk flu hosp rate change",0,2026-10-10,"50","pmf","decrease",0
2026-10-10,"wk flu hosp rate change",0,2026-10-10,"50","pmf","large_increase",0
2026-10-10,"wk flu hosp rate change",0,2026-10-10,"50","pmf","large_decrease",0
2026-10-10,"wk flu hosp rate change",0,2026-10-10,"51","pmf","stable",0.968118451593632
2026-10-10,"wk flu hosp rate change",0,2026-10-10,"51","pmf","increase",0.0318815484063683
2026-10-10,"wk flu hosp rate change",0,2026-10-10,"51","pmf","decrease",0
2026-10-10,"wk flu hosp rate change",0,2026-10-10,"51","pmf","large_increase",0
2026-10-10,"wk flu hosp rate change",0,2026-10-10,"51","pmf","large_decrease",0
2026-10-10,"wk flu hosp rate change",0,2026-10-10,"53","pmf","stable",0.623443758650511
2026-10-10,"wk flu hosp rate change",0,2026-10-10,"53","pmf","increase",0.376556241349489
2026-10-10,"wk flu hosp rate change",0,2026-10-10,"53","pmf","decrease",0
2026-10-10,"wk flu hosp rate change",0,2026-10-10,"53","pmf","large_increase",0
2026-10-10,"wk flu hosp rate change",0,2026-10-10,"53","pmf","large_decrease",0
2026-10-10,"wk flu hosp rate change",0,2026-10-10,"54","pmf","stable",1
2026-10-10,"wk flu hosp rate change",0,2026-10-10,"54","pmf","increase",0
2026-10-10,"wk flu hosp rate change",0,2026-10-10,"54","pmf","decrease",0
2026-10-10,"wk flu hosp rate change",0,2026-10-10,"54","pmf","large_increase",0
2026-10-10,"wk flu hosp rate change",0,2026-10-10,"54","pmf","large_decrease",0
2026-10-10,"wk flu hosp rate change",0,2026-10-10,"55","pmf","stable",1
2026-10-10,"wk flu hosp rate change",0,2026-10-10,"55","pmf","increase",0
2026-10-10,"wk flu hosp rate change",0,2026-10-10,"55","pmf","decrease",0
2026-10-10,"wk flu hosp rate change",0,2026-10-10,"55","pmf","large_increase",0
2026-10-10,"wk flu hosp rate change",0,2026-10-10,"55","pmf","large_decrease",0
2026-10-10,"wk flu hosp rate change",0,2026-10-10,"56","pmf","stable",1
2026-10-10,"wk flu hosp rate change",0,2026-10-10,"56","pmf","increase",0
2026-10-10,"wk flu hosp rate change",0,2026-10-10,"56","pmf","decrease",0
2026-10-10,"wk flu hosp rate change",0,2026-10-10,"56","pmf","large_increase",0
2026-10-10,"wk flu hosp rate change",0,2026-10-10,"56","pmf","large_decrease",0
2026-10-10,"wk flu hosp rate change",0,2026-10-10,"72","pmf","stable",0.340337634554927
2026-10-10,"wk flu hosp rate change",0,2026-10-10,"72","pmf","increase",0.545157935170758
2026-10-10,"wk flu hosp rate change",0,2026-10-10,"72","pmf","decrease",0.114504430274316
2026-10-10,"wk flu hosp rate change",0,2026-10-10,"72","pmf","large_increase",0
2026-10-10,"wk flu hosp rate change",0,2026-10-10,"72","pmf","large_decrease",0
2026-10-10,"wk flu hosp rate change",0,2026-10-10,"US","pmf","stable",0.427371266723141
2026-10-10,"wk flu hosp rate change",0,2026-10-10,"US","pmf","increase",0.572628733276859
2026-10-10,"wk flu hosp rate change",0,2026-10-10,"US","pmf","decrease",0
2026-10-10,"wk flu hosp rate change",0,2026-10-10,"US","pmf","large_increase",0
2026-10-10,"wk flu hosp rate change",0,2026-10-10,"US","pmf","large_decrease",0
2026-10-10,"wk flu hosp rate change",1,2026-10-17,"01","pmf","stable",0.126158510866688
2026-10-10,"wk flu hosp rate change",1,2026-10-17,"01","pmf","increase",0.873841489133312
2026-10-10,"wk flu hosp rate change",1,2026-10-17,"01","pmf","decrease",0
2026-10-10,"wk flu hosp rate change",1,2026-10-17,"01","pmf","large_increase",0
2026-10-10,"wk flu hosp rate change",1,2026-10-17,"01","pmf","large_decrease",0
2026-10-10,"wk flu hosp rate change",1,2026-10-17,"02","pmf","stable",0.650909311097784
2026-10-10,"wk flu hosp rate change",1,2026-10-17,"02","pmf","increase",0.326180468863894
2026-10-10,"wk flu hosp rate change",1,2026-10-17,"02","pmf","decrease",0
2026-10-10,"wk flu hosp rate change",1,2026-10-17,"02","pmf","large_increase",0.0229102200383214
2026-10-10,"wk flu hosp rate change",1,2026-10-17,"02","pmf","large_decrease",0
2026-10-10,"wk flu hosp rate change",1,2026-10-17,"04","pmf","stable",0.129987948441588
2026-10-10,"wk flu hosp rate change",1,2026-10-17,"04","pmf","increase",0.870012051558412
2026-10-10,"wk flu hosp rate change",1,2026-10-17,"04","pmf","decrease",0
2026-10-10,"wk flu hosp rate change",1,2026-10-17,"04","pmf","large_increase",0
2026-10-10,"wk flu hosp rate change",1,2026-10-17,"04","pmf","large_decrease",0
2026-10-10,"wk flu hosp rate change",1,2026-10-17,"05","pmf","stable",0.678569280443779
2026-10-10,"wk flu hosp rate change",1,2026-10-17,"05","pmf","increase",0.321430719556221
2026-10-10,"wk flu hosp rate change",1,2026-10-17,"05","pmf","decrease",0
2026-10-10,"wk flu hosp rate change",1,2026-10-17,"05","pmf","large_increase",0
2026-10-10,"wk flu hosp rate change",1,2026-10-17,"05","pmf","large_decrease",0
2026-10-10,"wk flu hosp rate change",1,2026-10-17,"06","pmf","stable",0
2026-10-10,"wk flu hosp rate change",1,2026-10-17,"06","pmf","increase",1
2026-10-10,"wk flu hosp rate change",1,2026-10-17,"06","pmf","decrease",0
2026-10-10,"wk flu hosp rate change",1,2026-10-17,"06","pmf","large_increase",0
2026-10-10,"wk flu hosp rate change",1,2026-10-17,"06","pmf","large_decrease",0
2026-10-10,"wk flu hosp rate change",1,2026-10-17,"08","pmf","stable",0.0413584307359832
2026-10-10,"wk flu hosp rate change",1,2026-10-17,"08","pmf","increase",0.958641569264017
2026-10-10,"wk flu hosp rate change",1,2026-10-17,"08","pmf","decrease",0
2026-10-10,"wk flu hosp rate change",1,2026-10-17,"08","pmf","large_increase",0
2026-10-10,"wk flu hosp rate change",1,2026-10-17,"08","pmf","large_decrease",0
2026-10-10,"wk flu hosp rate change",1,2026-10-17,"09","pmf","stable",0.987376770322509
2026-10-10,"wk flu hosp rate change",1,2026-10-17,"09","pmf","increase",0.0126232296774912
2026-10-10,"wk flu hosp rate change",1,2026-10-17,"09","pmf","decrease",0
2026-10-10,"wk flu hosp rate change",1,2026-10-17,"09","pmf","large_increase",0
2026-10-10,"wk flu hosp rate change",1,2026-10-17,"09","pmf","large_decrease",0
2026-10-10,"wk flu hosp rate change",1,2026-10-17,"10","pmf","stable",0.660769293682892
2026-10-10,"wk flu hosp rate change",1,2026-10-17,"10","pmf","increase",0.339230706317108
2026-10-10,"wk flu hosp rate change",1,2026-10-17,"10","pmf","decrease",0
2026-10-10,"wk flu hosp rate change",1,2026-10-17,"10","pmf","large_increase",0
2026-10-10,"wk flu hosp rate change",1,2026-10-17,"10","pmf","large_decrease",0
2026-10-10,"wk flu hosp rate change",1,2026-10-17,"11","pmf","stable",1
2026-10-10,"wk flu hosp rate change",1,2026-10-17,"11","pmf","increase",0
2026-10-10,"wk flu hosp rate change",1,2026-10-17,"11","pmf","decrease",0
2026-10-10,"wk flu hosp rate change",1,2026-10-17,"11","pmf","large_increase",0
2026-10-10,"wk flu hosp rate change",1,2026-10-17,"11","pmf","large_decrease",0
2026-10-10,"wk flu hosp rate change",1,2026-10-17,"12","pmf","stable",0.382500915299944
2026-10-10,"wk flu hosp rate change",1,2026-10-17,"12","pmf","increase",0.617499084700056
2026-10-10,"wk flu hosp rate change",1,2026-10-17,"12","pmf","decrease",0
2026-10-10,"wk flu hosp rate change",1,2026-10-17,"12","pmf","large_increase",0
2026-10-10,"wk flu hosp rate change",1,2026-10-17,"12","pmf","large_decrease",0
2026-10-10,"wk flu hosp rate change",1,2026-10-17,"13","pmf","stable",0.95966782640478
2026-10-10,"wk flu hosp rate change",1,2026-10-17,"13","pmf","increase",0.0403321735952199
2026-10-10,"wk flu hosp rate change",1,2026-10-17,"13","pmf","decrease",0
2026-10-10,"wk flu hosp rate change",1,2026-10-17,"13","pmf","large_increase",0
2026-10-10,"wk flu hosp rate change",1,2026-10-17,"13","pmf","large_decrease",0
2026-10-10,"wk flu hosp rate change",1,2026-10-17,"15","pmf","stable",0.525199110932619
2026-10-10,"wk flu hosp rate change",1,2026-10-17,"15","pmf","increase",0.236615057952119
2026-10-10,"wk flu hosp rate change",1,2026-10-17,"15","pmf","decrease",0.238185831115262
2026-10-10,"wk flu hosp rate change",1,2026-10-17,"15","pmf","large_increase",0
2026-10-10,"wk flu hosp rate change",1,2026-10-17,"15","pmf","large_decrease",0
2026-10-10,"wk flu hosp rate change",1,2026-10-17,"16","pmf","stable",0.357734918323304
2026-10-10,"wk flu hosp rate change",1,2026-10-17,"16","pmf","increase",0.642265081676696
2026-10-10,"wk flu hosp rate change",1,2026-10-17,"16","pmf","decrease",0
2026-10-10,"wk flu hosp rate change",1,2026-10-17,"16","pmf","large_increase",0
2026-10-10,"wk flu hosp rate change",1,2026-10-17,"16","pmf","large_decrease",0
2026-10-10,"wk flu hosp rate change",1,2026-10-17,"17","pmf","stable",0.673837807059536
2026-10-10,"wk flu hosp rate change",1,2026-10-17,"17","pmf","increase",0.30186270146017
2026-10-10,"wk flu hosp rate change",1,2026-10-17,"17","pmf","decrease",0.0242994914802939
2026-10-10,"wk flu hosp rate change",1,2026-10-17,"17","pmf","large_increase",0
2026-10-10,"wk flu hosp rate change",1,2026-10-17,"17","pmf","large_decrease",0
2026-10-10,"wk flu hosp rate change",1,2026-10-17,"18","pmf","stable",0.74766053813722
2026-10-10,"wk flu hosp rate change",1,2026-10-17,"18","pmf","increase",0.25233946186278
2026-10-10,"wk flu hosp rate change",1,2026-10-17,"18","pmf","decrease",0
2026-10-10,"wk flu hosp rate change",1,2026-10-17,"18","pmf","large_increase",0
2026-10-10,"wk flu hosp rate change",1,2026-10-17,"18","pmf","large_decrease",0
2026-10-10,"wk flu hosp rate change",1,2026-10-17,"19","pmf","stable",0.909790037718192
2026-10-10,"wk flu hosp rate change",1,2026-10-17,"19","pmf","increase",0.090209962281808
2026-10-10,"wk flu hosp rate change",1,2026-10-17,"19","pmf","decrease",0
2026-10-10,"wk flu hosp rate change",1,2026-10-17,"19","pmf","large_increase",0
2026-10-10,"wk flu hosp rate change",1,2026-10-17,"19","pmf","large_decrease",0
2026-10-10,"wk flu hosp rate change",1,2026-10-17,"20","pmf","stable",1
2026-10-10,"wk flu hosp rate change",1,2026-10-17,"20","pmf","increase",0
2026-10-10,"wk flu hosp rate change",1,2026-10-17,"20","pmf","decrease",0
2026-10-10,"wk flu hosp rate change",1,2026-10-17,"20","pmf","large_increase",0
2026-10-10,"wk flu hosp rate change",1,2026-10-17,"20","pmf","large_decrease",0
2026-10-10,"wk flu hosp rate change",1,2026-10-17,"21","pmf","stable",0.0208003702441564
2026-10-10,"wk flu hosp rate change",1,2026-10-17,"21","pmf","increase",0.979199629755844
2026-10-10,"wk flu hosp rate change",1,2026-10-17,"21","pmf","decrease",0
2026-10-10,"wk flu hosp rate change",1,2026-10-17,"21","pmf","large_increase",0
2026-10-10,"wk flu hosp rate change",1,2026-10-17,"21","pmf","large_decrease",0
2026-10-10,"wk flu hosp rate change",1,2026-10-17,"22","pmf","stable",0.0221127605880749
2026-10-10,"wk flu hosp rate change",1,2026-10-17,"22","pmf","increase",0.977887239411925
2026-10-10,"wk flu hosp rate change",1,2026-10-17,"22","pmf","decrease",0
2026-10-10,"wk flu hosp rate change",1,2026-10-17,"22","pmf","large_increase",0
2026-10-10,"wk flu hosp rate change",1,2026-10-17,"22","pmf","large_decrease",0
2026-10-10,"wk flu hosp rate change",1,2026-10-17,"23","pmf","stable",0.919024945723956
2026-10-10,"wk flu hosp rate change",1,2026-10-17,"23","pmf","increase",0.0684101820476265
2026-10-10,"wk flu hosp rate change",1,2026-10-17,"23","pmf","decrease",0.0125648722284176
2026-10-10,"wk flu hosp rate change",1,2026-10-17,"23","pmf","large_increase",0
2026-10-10,"wk flu hosp rate change",1,2026-10-17,"23","pmf","large_decrease",0
2026-10-10,"wk flu hosp rate change",1,2026-10-17,"24","pmf","stable",0.787103111565265
2026-10-10,"wk flu hosp rate change",1,2026-10-17,"24","pmf","increase",0.212896888434735
2026-10-10,"wk flu hosp rate change",1,2026-10-17,"24","pmf","decrease",0
2026-10-10,"wk flu hosp rate change",1,2026-10-17,"24","pmf","large_increase",0
2026-10-10,"wk flu hosp rate change",1,2026-10-17,"24","pmf","large_decrease",0
2026-10-10,"wk flu hosp rate change",1,2026-10-17,"25","pmf","stable",0.989611636863023
2026-10-10,"wk flu hosp rate change",1,2026-10-17,"25","pmf","increase",0.0103883631369767
2026-10-10,"wk flu hosp rate change",1,2026-10-17,"25","pmf","decrease",0
2026-10-10,"wk flu hosp rate change",1,2026-10-17,"25","pmf","large_increase",0
2026-10-10,"wk flu hosp rate change",1,2026-10-17,"25","pmf","large_decrease",0
2026-10-10,"wk flu hosp rate change",1,2026-10-17,"26","pmf","stable",0.857358478176557
2026-10-10,"wk flu hosp rate change",1,2026-10-17,"26","pmf","increase",0.142641521823443
2026-10-10,"wk flu hosp rate change",1,2026-10-17,"26","pmf","decrease",0
2026-10-10,"wk flu hosp rate change",1,2026-10-17,"26","pmf","large_increase",0
2026-10-10,"wk flu hosp rate change",1,2026-10-17,"26","pmf","large_decrease",0
2026-10-10,"wk flu hosp rate change",1,2026-10-17,"27","pmf","stable",0
2026-10-10,"wk flu hosp rate change",1,2026-10-17,"27","pmf","increase",1
2026-10-10,"wk flu hosp rate change",1,2026-10-17,"27","pmf","decrease",0
2026-10-10,"wk flu hosp rate change",1,2026-10-17,"27","pmf","large_increase",0
2026-10-10,"wk flu hosp rate change",1,2026-10-17,"27","pmf","large_decrease",0
2026-10-10,"wk flu hosp rate change",1,2026-10-17,"28","pmf","stable",0.697190230211738
2026-10-10,"wk flu hosp rate change",1,2026-10-17,"28","pmf","increase",0.285713415684759
2026-10-10,"wk flu hosp rate change",1,2026-10-17,"28","pmf","decrease",0.0170963541035029
2026-10-10,"wk flu hosp rate change",1,2026-10-17,"28","pmf","large_increase",0
2026-10-10,"wk flu hosp rate change",1,2026-10-17,"28","pmf","large_decrease",0
2026-10-10,"wk flu hosp rate change",1,2026-10-17,"29","pmf","stable",0.712992435190281
2026-10-10,"wk flu hosp rate change",1,2026-10-17,"29","pmf","increase",0.287007564809719
2026-10-10,"wk flu hosp rate change",1,2026-10-17,"29","pmf","decrease",0
2026-10-10,"wk flu hosp rate change",1,2026-10-17,"29","pmf","large_increase",0
2026-10-10,"wk flu hosp rate change",1,2026-10-17,"29","pmf","large_decrease",0
2026-10-10,"wk flu hosp rate change",1,2026-10-17,"30","pmf","stable",0.384980520814776
2026-10-10,"wk flu hosp rate change",1,2026-10-17,"30","pmf","increase",0.290179695279076
2026-10-10,"wk flu hosp rate change",1,2026-10-17,"30","pmf","decrease",0.308553924518127
2026-10-10,"wk flu hosp rate change",1,2026-10-17,"30","pmf","large_increase",0.016285859388021
2026-10-10,"wk flu hosp rate change",1,2026-10-17,"30","pmf","large_decrease",0
2026-10-10,"wk flu hosp rate change",1,2026-10-17,"31","pmf","stable",0.780150922530848
2026-10-10,"wk flu hosp rate change",1,2026-10-17,"31","pmf","increase",0.0698490774691524
2026-10-10,"wk flu hosp rate change",1,2026-10-17,"31","pmf","decrease",0.15
2026-10-10,"wk flu hosp rate change",1,2026-10-17,"31","pmf","large_increase",0
2026-10-10,"wk flu hosp rate change",1,2026-10-17,"31","pmf","large_decrease",0
2026-10-10,"wk flu hosp rate change",1,2026-10-17,"32","pmf","stable",0.558935536349223
2026-10-10,"wk flu hosp rate change",1,2026-10-17,"32","pmf","increase",0.441064463650777
2026-10-10,"wk flu hosp rate change",1,2026-10-17,"32","pmf","decrease",0
2026-10-10,"wk flu hosp rate change",1,2026-10-17,"32","pmf","large_increase",0
2026-10-10,"wk flu hosp rate change",1,2026-10-17,"32","pmf","large_decrease",0
2026-10-10,"wk flu hosp rate change",1,2026-10-17,"33","pmf","stable",1
2026-10-10,"wk flu hosp rate change",1,2026-10-17,"33","pmf","increase",0
2026-10-10,"wk flu hosp rate change",1,2026-10-17,"33","pmf","decrease",0
2026-10-10,"wk flu hosp rate change",1,2026-10-17,"33","pmf","large_increase",0
2026-10-10,"wk flu hosp rate change",1,2026-10-17,"33","pmf","large_decrease",0
2026-10-10,"wk flu hosp rate change",1,2026-10-17,"34","pmf","stable",0.135980820549319
2026-10-10,"wk flu hosp rate change",1,2026-10-17,"34","pmf","increase",0.864019179450681
2026-10-10,"wk flu hosp rate change",1,2026-10-17,"34","pmf","decrease",0
2026-10-10,"wk flu hosp rate change",1,2026-10-17,"34","pmf","large_increase",0
2026-10-10,"wk flu hosp rate change",1,2026-10-17,"34","pmf","large_decrease",0
2026-10-10,"wk flu hosp rate change",1,2026-10-17,"35","pmf","stable",1
2026-10-10,"wk flu hosp rate change",1,2026-10-17,"35","pmf","increase",0
2026-10-10,"wk flu hosp rate change",1,2026-10-17,"35","pmf","decrease",0
2026-10-10,"wk flu hosp rate change",1,2026-10-17,"35","pmf","large_increase",0
2026-10-10,"wk flu hosp rate change",1,2026-10-17,"35","pmf","large_decrease",0
2026-10-10,"wk flu hosp rate change",1,2026-10-17,"36","pmf","stable",0.0936877774219086
2026-10-10,"wk flu hosp rate change",1,2026-10-17,"36","pmf","increase",0.906312222578091
2026-10-10,"wk flu hosp rate change",1,2026-10-17,"36","pmf","decrease",0
2026-10-10,"wk flu hosp rate change",1,2026-10-17,"36","pmf","large_increase",0
2026-10-10,"wk flu hosp rate change",1,2026-10-17,"36","pmf","large_decrease",0
2026-10-10,"wk flu hosp rate change",1,2026-10-17,"37","pmf","stable",0.0652359300659772
2026-10-10,"wk flu hosp rate change",1,2026-10-17,"37","pmf","increase",0.934764069934023
2026-10-10,"wk flu hosp rate change",1,2026-10-17,"37","pmf","decrease",0
2026-10-10,"wk flu hosp rate change",1,2026-10-17,"37","pmf","large_increase",0
2026-10-10,"wk flu hosp rate change",1,2026-10-17,"37","pmf","large_decrease",0
2026-10-10,"wk flu hosp rate change",1,2026-10-17,"38","pmf","stable",1
2026-10-10,"wk flu hosp rate change",1,2026-10-17,"38","pmf","increase",0
2026-10-10,"wk flu hosp rate change",1,2026-10-17,"38","pmf","decrease",0
2026-10-10,"wk flu hosp rate change",1,2026-10-17,"38","pmf","large_increase",0
2026-10-10,"wk flu hosp rate change",1,2026-10-17,"38","pmf","large_decrease",0
2026-10-10,"wk flu hosp rate change",1,2026-10-17,"39","pmf","stable",0.653491117745403
2026-10-10,"wk flu hosp rate change",1,2026-10-17,"39","pmf","increase",0.346508882254597
2026-10-10,"wk flu hosp rate change",1,2026-10-17,"39","pmf","decrease",0
2026-10-10,"wk flu hosp rate change",1,2026-10-17,"39","pmf","large_increase",0
2026-10-10,"wk flu hosp rate change",1,2026-10-17,"39","pmf","large_decrease",0
2026-10-10,"wk flu hosp rate change",1,2026-10-17,"40","pmf","stable",0.933220105349659
2026-10-10,"wk flu hosp rate change",1,2026-10-17,"40","pmf","increase",0.066779894650341
2026-10-10,"wk flu hosp rate change",1,2026-10-17,"40","pmf","decrease",0
2026-10-10,"wk flu hosp rate change",1,2026-10-17,"40","pmf","large_increase",0
2026-10-10,"wk flu hosp rate change",1,2026-10-17,"40","pmf","large_decrease",0
2026-10-10,"wk flu hosp rate change",1,2026-10-17,"41","pmf","stable",0.386809874041144
2026-10-10,"wk flu hosp rate change",1,2026-10-17,"41","pmf","increase",0.613190125958856
2026-10-10,"wk flu hosp rate change",1,2026-10-17,"41","pmf","decrease",0
2026-10-10,"wk flu hosp rate change",1,2026-10-17,"41","pmf","large_increase",0
2026-10-10,"wk flu hosp rate change",1,2026-10-17,"41","pmf","large_decrease",0
2026-10-10,"wk flu hosp rate change",1,2026-10-17,"42","pmf","stable",0.684178675992001
2026-10-10,"wk flu hosp rate change",1,2026-10-17,"42","pmf","increase",0.292160472266933
2026-10-10,"wk flu hosp rate change",1,2026-10-17,"42","pmf","decrease",0.0236608517410658
2026-10-10,"wk flu hosp rate change",1,2026-10-17,"42","pmf","large_increase",0
2026-10-10,"wk flu hosp rate change",1,2026-10-17,"42","pmf","large_decrease",0
2026-10-10,"wk flu hosp rate change",1,2026-10-17,"44","pmf","stable",1
2026-10-10,"wk flu hosp rate change",1,2026-10-17,"44","pmf","increase",0
2026-10-10,"wk flu hosp rate change",1,2026-10-17,"44","pmf","decrease",0
2026-10-10,"wk flu hosp rate change",1,2026-10-17,"44","pmf","large_increase",0
2026-10-10,"wk flu hosp rate change",1,2026-10-17,"44","pmf","large_decrease",0
2026-10-10,"wk flu hosp rate change",1,2026-10-17,"45","pmf","stable",0
2026-10-10,"wk flu hosp rate change",1,2026-10-17,"45","pmf","increase",1
2026-10-10,"wk flu hosp rate change",1,2026-10-17,"45","pmf","decrease",0
2026-10-10,"wk flu hosp rate change",1,2026-10-17,"45","pmf","large_increase",0
2026-10-10,"wk flu hosp rate change",1,2026-10-17,"45","pmf","large_decrease",0
2026-10-10,"wk flu hosp rate change",1,2026-10-17,"46","pmf","stable",1
2026-10-10,"wk flu hosp rate change",1,2026-10-17,"46","pmf","increase",0
2026-10-10,"wk flu hosp rate change",1,2026-10-17,"46","pmf","decrease",0
2026-10-10,"wk flu hosp rate change",1,2026-10-17,"46","pmf","large_increase",0
2026-10-10,"wk flu hosp rate change",1,2026-10-17,"46","pmf","large_decrease",0
2026-10-10,"wk flu hosp rate change",1,2026-10-17,"47","pmf","stable",0.185253435498045
2026-10-10,"wk flu hosp rate change",1,2026-10-17,"47","pmf","increase",0.814746564501954
2026-10-10,"wk flu hosp rate change",1,2026-10-17,"47","pmf","decrease",0
2026-10-10,"wk flu hosp rate change",1,2026-10-17,"47","pmf","large_increase",0
2026-10-10,"wk flu hosp rate change",1,2026-10-17,"47","pmf","large_decrease",0
2026-10-10,"wk flu hosp rate change",1,2026-10-17,"48","pmf","stable",0.378604313649782
2026-10-10,"wk flu hosp rate change",1,2026-10-17,"48","pmf","increase",0.621395686350218
2026-10-10,"wk flu hosp rate change",1,2026-10-17,"48","pmf","decrease",0
2026-10-10,"wk flu hosp rate change",1,2026-10-17,"48","pmf","large_increase",0
2026-10-10,"wk flu hosp rate change",1,2026-10-17,"48","pmf","large_decrease",0
2026-10-10,"wk flu hosp rate change",1,2026-10-17,"49","pmf","stable",1
2026-10-10,"wk flu hosp rate change",1,2026-10-17,"49","pmf","increase",0
2026-10-10,"wk flu hosp rate change",1,2026-10-17,"49","pmf","decrease",0
2026-10-10,"wk flu hosp rate change",1,2026-10-17,"49","pmf","large_increase",0
2026-10-10,"wk flu hosp rate change",1,2026-10-17,"49","pmf","large_decrease",0
2026-10-10,"wk flu hosp rate change",1,2026-10-17,"50","pmf","stable",1
2026-10-10,"wk flu hosp rate change",1,2026-10-17,"50","pmf","increase",0
2026-10-10,"wk flu hosp rate change",1,2026-10-17,"50","pmf","decrease",0
2026-10-10,"wk flu hosp rate change",1,2026-10-17,"50","pmf","large_increase",0
2026-10-10,"wk flu hosp rate change",1,2026-10-17,"50","pmf","large_decrease",0
2026-10-10,"wk flu hosp rate change",1,2026-10-17,"51","pmf","stable",0.945034894370831
2026-10-10,"wk flu hosp rate change",1,2026-10-17,"51","pmf","increase",0.0549651056291691
2026-10-10,"wk flu hosp rate change",1,2026-10-17,"51","pmf","decrease",0
2026-10-10,"wk flu hosp rate change",1,2026-10-17,"51","pmf","large_increase",0
2026-10-10,"wk flu hosp rate change",1,2026-10-17,"51","pmf","large_decrease",0
2026-10-10,"wk flu hosp rate change",1,2026-10-17,"53","pmf","stable",0.301544419167268
2026-10-10,"wk flu hosp rate change",1,2026-10-17,"53","pmf","increase",0.698455580832732
2026-10-10,"wk flu hosp rate change",1,2026-10-17,"53","pmf","decrease",0
2026-10-10,"wk flu hosp rate change",1,2026-10-17,"53","pmf","large_increase",0
2026-10-10,"wk flu hosp rate change",1,2026-10-17,"53","pmf","large_decrease",0
2026-10-10,"wk flu hosp rate change",1,2026-10-17,"54","pmf","stable",1
2026-10-10,"wk flu hosp rate change",1,2026-10-17,"54","pmf","increase",0
2026-10-10,"wk flu hosp rate change",1,2026-10-17,"54","pmf","decrease",0
2026-10-10,"wk flu hosp rate change",1,2026-10-17,"54","pmf","large_increase",0
2026-10-10,"wk flu hosp rate change",1,2026-10-17,"54","pmf","large_decrease",0
2026-10-10,"wk flu hosp rate change",1,2026-10-17,"55","pmf","stable",0.952864145459775
2026-10-10,"wk flu hosp rate change",1,2026-10-17,"55","pmf","increase",0.0471358545402252
2026-10-10,"wk flu hosp rate change",1,2026-10-17,"55","pmf","decrease",0
2026-10-10,"wk flu hosp rate change",1,2026-10-17,"55","pmf","large_increase",0
2026-10-10,"wk flu hosp rate change",1,2026-10-17,"55","pmf","large_decrease",0
2026-10-10,"wk flu hosp rate change",1,2026-10-17,"56","pmf","stable",1
2026-10-10,"wk flu hosp rate change",1,2026-10-17,"56","pmf","increase",0
2026-10-10,"wk flu hosp rate change",1,2026-10-17,"56","pmf","decrease",0
2026-10-10,"wk flu hosp rate change",1,2026-10-17,"56","pmf","large_increase",0
2026-10-10,"wk flu hosp rate change",1,2026-10-17,"56","pmf","large_decrease",0
2026-10-10,"wk flu hosp rate change",1,2026-10-17,"72","pmf","stable",0.191013380874738
2026-10-10,"wk flu hosp rate change",1,2026-10-17,"72","pmf","increase",0.789457180615413
2026-10-10,"wk flu hosp rate change",1,2026-10-17,"72","pmf","decrease",0.0195294385098489
2026-10-10,"wk flu hosp rate change",1,2026-10-17,"72","pmf","large_increase",0
2026-10-10,"wk flu hosp rate change",1,2026-10-17,"72","pmf","large_decrease",0
2026-10-10,"wk flu hosp rate change",1,2026-10-17,"US","pmf","stable",0.201788044945364
2026-10-10,"wk flu hosp rate change",1,2026-10-17,"US","pmf","increase",0.798211955054636
2026-10-10,"wk flu hosp rate change",1,2026-10-17,"US","pmf","decrease",0
2026-10-10,"wk flu hosp rate change",1,2026-10-17,"US","pmf","large_increase",0
2026-10-10,"wk flu hosp rate change",1,2026-10-17,"US","pmf","large_decrease",0
2026-10-10,"wk flu hosp rate change",2,2026-10-24,"01","pmf","stable",0
2026-10-10,"wk flu hosp rate change",2,2026-10-24,"01","pmf","increase",1
2026-10-10,"wk flu hosp rate change",2,2026-10-24,"01","pmf","decrease",0
2026-10-10,"wk flu hosp rate change",2,2026-10-24,"01","pmf","large_increase",0
2026-10-10,"wk flu hosp rate change",2,2026-10-24,"01","pmf","large_decrease",0
2026-10-10,"wk flu hosp rate change",2,2026-10-24,"02","pmf","stable",0.61563077514628
2026-10-10,"wk flu hosp rate change",2,2026-10-24,"02","pmf","increase",0.339632708404848
2026-10-10,"wk flu hosp rate change",2,2026-10-24,"02","pmf","decrease",0.0447365164488714
2026-10-10,"wk flu hosp rate change",2,2026-10-24,"02","pmf","large_increase",0
2026-10-10,"wk flu hosp rate change",2,2026-10-24,"02","pmf","large_decrease",0
2026-10-10,"wk flu hosp rate change",2,2026-10-24,"04","pmf","stable",0
2026-10-10,"wk flu hosp rate change",2,2026-10-24,"04","pmf","increase",1
2026-10-10,"wk flu hosp rate change",2,2026-10-24,"04","pmf","decrease",0
2026-10-10,"wk flu hosp rate change",2,2026-10-24,"04","pmf","large_increase",0
2026-10-10,"wk flu hosp rate change",2,2026-10-24,"04","pmf","large_decrease",0
2026-10-10,"wk flu hosp rate change",2,2026-10-24,"05","pmf","stable",0.599018397109624
2026-10-10,"wk flu hosp rate change",2,2026-10-24,"05","pmf","increase",0.400981602890376
2026-10-10,"wk flu hosp rate change",2,2026-10-24,"05","pmf","decrease",0
2026-10-10,"wk flu hosp rate change",2,2026-10-24,"05","pmf","large_increase",0
2026-10-10,"wk flu hosp rate change",2,2026-10-24,"05","pmf","large_decrease",0
2026-10-10,"wk flu hosp rate change",2,2026-10-24,"06","pmf","stable",0
2026-10-10,"wk flu hosp rate change",2,2026-10-24,"06","pmf","increase",1
2026-10-10,"wk flu hosp rate change",2,2026-10-24,"06","pmf","decrease",0
2026-10-10,"wk flu hosp rate change",2,2026-10-24,"06","pmf","large_increase",0
2026-10-10,"wk flu hosp rate change",2,2026-10-24,"06","pmf","large_decrease",0
2026-10-10,"wk flu hosp rate change",2,2026-10-24,"08","pmf","stable",0
2026-10-10,"wk flu hosp rate change",2,2026-10-24,"08","pmf","increase",1
2026-10-10,"wk flu hosp rate change",2,2026-10-24,"08","pmf","decrease",0
2026-10-10,"wk flu hosp rate change",2,2026-10-24,"08","pmf","large_increase",0
2026-10-10,"wk flu hosp rate change",2,2026-10-24,"08","pmf","large_decrease",0
2026-10-10,"wk flu hosp rate change",2,2026-10-24,"09","pmf","stable",0.978523203583094
2026-10-10,"wk flu hosp rate change",2,2026-10-24,"09","pmf","increase",0.0214767964169061
2026-10-10,"wk flu hosp rate change",2,2026-10-24,"09","pmf","decrease",0
2026-10-10,"wk flu hosp rate change",2,2026-10-24,"09","pmf","large_increase",0
2026-10-10,"wk flu hosp rate change",2,2026-10-24,"09","pmf","large_decrease",0
2026-10-10,"wk flu hosp rate change",2,2026-10-24,"10","pmf","stable",0.839979708039875
2026-10-10,"wk flu hosp rate change",2,2026-10-24,"10","pmf","increase",0.160020291960125
2026-10-10,"wk flu hosp rate change",2,2026-10-24,"10","pmf","decrease",0
2026-10-10,"wk flu hosp rate change",2,2026-10-24,"10","pmf","large_increase",0
2026-10-10,"wk flu hosp rate change",2,2026-10-24,"10","pmf","large_decrease",0
2026-10-10,"wk flu hosp rate change",2,2026-10-24,"11","pmf","stable",0.5
2026-10-10,"wk flu hosp rate change",2,2026-10-24,"11","pmf","increase",0.5
2026-10-10,"wk flu hosp rate change",2,2026-10-24,"11","pmf","decrease",0
2026-10-10,"wk flu hosp rate change",2,2026-10-24,"11","pmf","large_increase",0
2026-10-10,"wk flu hosp rate change",2,2026-10-24,"11","pmf","large_decrease",0
2026-10-10,"wk flu hosp rate change",2,2026-10-24,"12","pmf","stable",0.266979147123391
2026-10-10,"wk flu hosp rate change",2,2026-10-24,"12","pmf","increase",0.733020852876609
2026-10-10,"wk flu hosp rate change",2,2026-10-24,"12","pmf","decrease",0
2026-10-10,"wk flu hosp rate change",2,2026-10-24,"12","pmf","large_increase",0
2026-10-10,"wk flu hosp rate change",2,2026-10-24,"12","pmf","large_decrease",0
2026-10-10,"wk flu hosp rate change",2,2026-10-24,"13","pmf","stable",0.962592244970291
2026-10-10,"wk flu hosp rate change",2,2026-10-24,"13","pmf","increase",0.0374077550297087
2026-10-10,"wk flu hosp rate change",2,2026-10-24,"13","pmf","decrease",0
2026-10-10,"wk flu hosp rate change",2,2026-10-24,"13","pmf","large_increase",0
2026-10-10,"wk flu hosp rate change",2,2026-10-24,"13","pmf","large_decrease",0
2026-10-10,"wk flu hosp rate change",2,2026-10-24,"15","pmf","stable",0.413618275760996
2026-10-10,"wk flu hosp rate change",2,2026-10-24,"15","pmf","increase",0.346208729823692
2026-10-10,"wk flu hosp rate change",2,2026-10-24,"15","pmf","decrease",0.240172994415313
2026-10-10,"wk flu hosp rate change",2,2026-10-24,"15","pmf","large_increase",0
2026-10-10,"wk flu hosp rate change",2,2026-10-24,"15","pmf","large_decrease",0
2026-10-10,"wk flu hosp rate change",2,2026-10-24,"16","pmf","stable",0
2026-10-10,"wk flu hosp rate change",2,2026-10-24,"16","pmf","increase",1
2026-10-10,"wk flu hosp rate change",2,2026-10-24,"16","pmf","decrease",0
2026-10-10,"wk flu hosp rate change",2,2026-10-24,"16","pmf","large_increase",0
2026-10-10,"wk flu hosp rate change",2,2026-10-24,"16","pmf","large_decrease",0
2026-10-10,"wk flu hosp rate change",2,2026-10-24,"17","pmf","stable",0.489978260893868
2026-10-10,"wk flu hosp rate change",2,2026-10-24,"17","pmf","increase",0.510021739106132
2026-10-10,"wk flu hosp rate change",2,2026-10-24,"17","pmf","decrease",0
2026-10-10,"wk flu hosp rate change",2,2026-10-24,"17","pmf","large_increase",0
2026-10-10,"wk flu hosp rate change",2,2026-10-24,"17","pmf","large_decrease",0
2026-10-10,"wk flu hosp rate change",2,2026-10-24,"18","pmf","stable",0.796265874517622
2026-10-10,"wk flu hosp rate change",2,2026-10-24,"18","pmf","increase",0.203734125482378
2026-10-10,"wk flu hosp rate change",2,2026-10-24,"18","pmf","decrease",0
2026-10-10,"wk flu hosp rate change",2,2026-10-24,"18","pmf","large_increase",0
2026-10-10,"wk flu hosp rate change",2,2026-10-24,"18","pmf","large_decrease",0
2026-10-10,"wk flu hosp rate change",2,2026-10-24,"19","pmf","stable",0.268235368739808
2026-10-10,"wk flu hosp rate change",2,2026-10-24,"19","pmf","increase",0.731764631260192
2026-10-10,"wk flu hosp rate change",2,2026-10-24,"19","pmf","decrease",0
2026-10-10,"wk flu hosp rate change",2,2026-10-24,"19","pmf","large_increase",0
2026-10-10,"wk flu hosp rate change",2,2026-10-24,"19","pmf","large_decrease",0
2026-10-10,"wk flu hosp rate change",2,2026-10-24,"20","pmf","stable",1
2026-10-10,"wk flu hosp rate change",2,2026-10-24,"20","pmf","increase",0
2026-10-10,"wk flu hosp rate change",2,2026-10-24,"20","pmf","decrease",0
2026-10-10,"wk flu hosp rate change",2,2026-10-24,"20","pmf","large_increase",0
2026-10-10,"wk flu hosp rate change",2,2026-10-24,"20","pmf","large_decrease",0
2026-10-10,"wk flu hosp rate change",2,2026-10-24,"21","pmf","stable",0.0209260913848581
2026-10-10,"wk flu hosp rate change",2,2026-10-24,"21","pmf","increase",0.979073908615142
2026-10-10,"wk flu hosp rate change",2,2026-10-24,"21","pmf","decrease",0
2026-10-10,"wk flu hosp rate change",2,2026-10-24,"21","pmf","large_increase",0
2026-10-10,"wk flu hosp rate change",2,2026-10-24,"21","pmf","large_decrease",0
2026-10-10,"wk flu hosp rate change",2,2026-10-24,"22","pmf","stable",0.0550709884908986
2026-10-10,"wk flu hosp rate change",2,2026-10-24,"22","pmf","increase",0.944929011509101
2026-10-10,"wk flu hosp rate change",2,2026-10-24,"22","pmf","decrease",0
2026-10-10,"wk flu hosp rate change",2,2026-10-24,"22","pmf","large_increase",0
2026-10-10,"wk flu hosp rate change",2,2026-10-24,"22","pmf","large_decrease",0
2026-10-10,"wk flu hosp rate change",2,2026-10-24,"23","pmf","stable",0.736482642380948
2026-10-10,"wk flu hosp rate change",2,2026-10-24,"23","pmf","increase",0.263517357619052
2026-10-10,"wk flu hosp rate change",2,2026-10-24,"23","pmf","decrease",0
2026-10-10,"wk flu hosp rate change",2,2026-10-24,"23","pmf","large_increase",0
2026-10-10,"wk flu hosp rate change",2,2026-10-24,"23","pmf","large_decrease",0
2026-10-10,"wk flu hosp rate change",2,2026-10-24,"24","pmf","stable",0.512584011733323
2026-10-10,"wk flu hosp rate change",2,2026-10-24,"24","pmf","increase",0.487415988266677
2026-10-10,"wk flu hosp rate change",2,2026-10-24,"24","pmf","decrease",0
2026-10-10,"wk flu hosp rate change",2,2026-10-24,"24","pmf","large_increase",0
2026-10-10,"wk flu hosp rate change",2,2026-10-24,"24","pmf","large_decrease",0
2026-10-10,"wk flu hosp rate change",2,2026-10-24,"25","pmf","stable",0.959999962565539
2026-10-10,"wk flu hosp rate change",2,2026-10-24,"25","pmf","increase",0.0400000374344612
2026-10-10,"wk flu hosp rate change",2,2026-10-24,"25","pmf","decrease",0
2026-10-10,"wk flu hosp rate change",2,2026-10-24,"25","pmf","large_increase",0
2026-10-10,"wk flu hosp rate change",2,2026-10-24,"25","pmf","large_decrease",0
2026-10-10,"wk flu hosp rate change",2,2026-10-24,"26","pmf","stable",0.665772355644073
2026-10-10,"wk flu hosp rate change",2,2026-10-24,"26","pmf","increase",0.334227644355927
2026-10-10,"wk flu hosp rate change",2,2026-10-24,"26","pmf","decrease",0
2026-10-10,"wk flu hosp rate change",2,2026-10-24,"26","pmf","large_increase",0
2026-10-10,"wk flu hosp rate change",2,2026-10-24,"26","pmf","large_decrease",0
2026-10-10,"wk flu hosp rate change",2,2026-10-24,"27","pmf","stable",0
2026-10-10,"wk flu hosp rate change",2,2026-10-24,"27","pmf","increase",1
2026-10-10,"wk flu hosp rate change",2,2026-10-24,"27","pmf","decrease",0
2026-10-10,"wk flu hosp rate change",2,2026-10-24,"27","pmf","large_increase",0
2026-10-10,"wk flu hosp rate change",2,2026-10-24,"27","pmf","large_decrease",0
2026-10-10,"wk flu hosp rate change",2,2026-10-24,"28","pmf","stable",0.660701364160038
2026-10-10,"wk flu hosp rate change",2,2026-10-24,"28","pmf","increase",0.339298635839962
2026-10-10,"wk flu hosp rate change",2,2026-10-24,"28","pmf","decrease",0
2026-10-10,"wk flu hosp rate change",2,2026-10-24,"28","pmf","large_increase",0
2026-10-10,"wk flu hosp rate change",2,2026-10-24,"28","pmf","large_decrease",0
2026-10-10,"wk flu hosp rate change",2,2026-10-24,"29","pmf","stable",0.558938340676772
2026-10-10,"wk flu hosp rate change",2,2026-10-24,"29","pmf","increase",0.441061659323228
2026-10-10,"wk flu hosp rate change",2,2026-10-24,"29","pmf","decrease",0
2026-10-10,"wk flu hosp rate change",2,2026-10-24,"29","pmf","large_increase",0
2026-10-10,"wk flu hosp rate change",2,2026-10-24,"29","pmf","large_decrease",0
2026-10-10,"wk flu hosp rate change",2,2026-10-24,"30","pmf","stable",0.360498949671541
2026-10-10,"wk flu hosp rate change",2,2026-10-24,"30","pmf","increase",0.410382629588567
2026-10-10,"wk flu hosp rate change",2,2026-10-24,"30","pmf","decrease",0.190992900500982
2026-10-10,"wk flu hosp rate change",2,2026-10-24,"30","pmf","large_increase",0.0381255202389106
2026-10-10,"wk flu hosp rate change",2,2026-10-24,"30","pmf","large_decrease",0
2026-10-10,"wk flu hosp rate change",2,2026-10-24,"31","pmf","stable",0.823564889804717
2026-10-10,"wk flu hosp rate change",2,2026-10-24,"31","pmf","increase",0.0440812986543384
2026-10-10,"wk flu hosp rate change",2,2026-10-24,"31","pmf","decrease",0.132353811540945
2026-10-10,"wk flu hosp rate change",2,2026-10-24,"31","pmf","large_increase",0
2026-10-10,"wk flu hosp rate change",2,2026-10-24,"31","pmf","large_decrease",0
2026-10-10,"wk flu hosp rate change",2,2026-10-24,"32","pmf","stable",0.0548778202476391
2026-10-10,"wk flu hosp rate change",2,2026-10-24,"32","pmf","increase",0.945122179752361
2026-10-10,"wk flu hosp rate change",2,2026-10-24,"32","pmf","decrease",0
2026-10-10,"wk flu hosp rate change",2,2026-10-24,"32","pmf","large_increase",0
2026-10-10,"wk flu hosp rate change",2,2026-10-24,"32","pmf","large_decrease",0
2026-10-10,"wk flu hosp rate change",2,2026-10-24,"33","pmf","stable",1
2026-10-10,"wk flu hosp rate change",2,2026-10-24,"33","pmf","increase",0
2026-10-10,"wk flu hosp rate change",2,2026-10-24,"33","pmf","decrease",0
2026-10-10,"wk flu hosp rate change",2,2026-10-24,"33","pmf","large_increase",0
2026-10-10,"wk flu hosp rate change",2,2026-10-24,"33","pmf","large_decrease",0
2026-10-10,"wk flu hosp rate change",2,2026-10-24,"34","pmf","stable",0.303176948986169
2026-10-10,"wk flu hosp rate change",2,2026-10-24,"34","pmf","increase",0.696823051013831
2026-10-10,"wk flu hosp rate change",2,2026-10-24,"34","pmf","decrease",0
2026-10-10,"wk flu hosp rate change",2,2026-10-24,"34","pmf","large_increase",0
2026-10-10,"wk flu hosp rate change",2,2026-10-24,"34","pmf","large_decrease",0
2026-10-10,"wk flu hosp rate change",2,2026-10-24,"35","pmf","stable",1
2026-10-10,"wk flu hosp rate change",2,2026-10-24,"35","pmf","increase",0
2026-10-10,"wk flu hosp rate change",2,2026-10-24,"35","pmf","decrease",0
2026-10-10,"wk flu hosp rate change",2,2026-10-24,"35","pmf","large_increase",0
2026-10-10,"wk flu hosp rate change",2,2026-10-24,"35","pmf","large_decrease",0
2026-10-10,"wk flu hosp rate change",2,2026-10-24,"36","pmf","stable",0
2026-10-10,"wk flu hosp rate change",2,2026-10-24,"36","pmf","increase",1
2026-10-10,"wk flu hosp rate change",2,2026-10-24,"36","pmf","decrease",0
2026-10-10,"wk flu hosp rate change",2,2026-10-24,"36","pmf","large_increase",0
2026-10-10,"wk flu hosp rate change",2,2026-10-24,"36","pmf","large_decrease",0
2026-10-10,"wk flu hosp rate change",2,2026-10-24,"37","pmf","stable",0.0550434763564339
2026-10-10,"wk flu hosp rate change",2,2026-10-24,"37","pmf","increase",0.944956523643566
2026-10-10,"wk flu hosp rate change",2,2026-10-24,"37","pmf","decrease",0
2026-10-10,"wk flu hosp rate change",2,2026-10-24,"37","pmf","large_increase",0
2026-10-10,"wk flu hosp rate change",2,2026-10-24,"37","pmf","large_decrease",0
2026-10-10,"wk flu hosp rate change",2,2026-10-24,"38","pmf","stable",0.978787756769462
2026-10-10,"wk flu hosp rate change",2,2026-10-24,"38","pmf","increase",0.0212122432305381
2026-10-10,"wk flu hosp rate change",2,2026-10-24,"38","pmf","decrease",0
2026-10-10,"wk flu hosp rate change",2,2026-10-24,"38","pmf","large_increase",0
2026-10-10,"wk flu hosp rate change",2,2026-10-24,"38","pmf","large_decrease",0
2026-10-10,"wk flu hosp rate change",2,2026-10-24,"39","pmf","stable",0.584249452899706
2026-10-10,"wk flu hosp rate change",2,2026-10-24,"39","pmf","increase",0.415750547100294
2026-10-10,"wk flu hosp rate change",2,2026-10-24,"39","pmf","decrease",0
2026-10-10,"wk flu hosp rate change",2,2026-10-24,"39","pmf","large_increase",0
2026-10-10,"wk flu hosp rate change",2,2026-10-24,"39","pmf","large_decrease",0
2026-10-10,"wk flu hosp rate change",2,2026-10-24,"40","pmf","stable",0.958435865612243
2026-10-10,"wk flu hosp rate change",2,2026-10-24,"40","pmf","increase",0.0415641343877569
2026-10-10,"wk flu hosp rate change",2,2026-10-24,"40","pmf","decrease",0
2026-10-10,"wk flu hosp rate change",2,2026-10-24,"40","pmf","large_increase",0
2026-10-10,"wk flu hosp rate change",2,2026-10-24,"40","pmf","large_decrease",0
2026-10-10,"wk flu hosp rate change",2,2026-10-24,"41","pmf","stable",0
2026-10-10,"wk flu hosp rate change",2,2026-10-24,"41","pmf","increase",1
2026-10-10,"wk flu hosp rate change",2,2026-10-24,"41","pmf","decrease",0
2026-10-10,"wk flu hosp rate change",2,2026-10-24,"41","pmf","large_increase",0
2026-10-10,"wk flu hosp rate change",2,2026-10-24,"41","pmf","large_decrease",0
2026-10-10,"wk flu hosp rate change",2,2026-10-24,"42","pmf","stable",0.4212861908455
2026-10-10,"wk flu hosp rate change",2,2026-10-24,"42","pmf","increase",0.5787138091545
2026-10-10,"wk flu hosp rate change",2,2026-10-24,"42","pmf","decrease",0
2026-10-10,"wk flu hosp rate change",2,2026-10-24,"42","pmf","large_increase",0
2026-10-10,"wk flu hosp rate change",2,2026-10-24,"42","pmf","large_decrease",0
2026-10-10,"wk flu hosp rate change",2,2026-10-24,"44","pmf","stable",1
2026-10-10,"wk flu hosp rate change",2,2026-10-24,"44","pmf","increase",0
2026-10-10,"wk flu hosp rate change",2,2026-10-24,"44","pmf","decrease",0
2026-10-10,"wk flu hosp rate change",2,2026-10-24,"44","pmf","large_increase",0
2026-10-10,"wk flu hosp rate change",2,2026-10-24,"44","pmf","large_decrease",0
2026-10-10,"wk flu hosp rate change",2,2026-10-24,"45","pmf","stable",0
2026-10-10,"wk flu hosp rate change",2,2026-10-24,"45","pmf","increase",1
2026-10-10,"wk flu hosp rate change",2,2026-10-24,"45","pmf","decrease",0
2026-10-10,"wk flu hosp rate change",2,2026-10-24,"45","pmf","large_increase",0
2026-10-10,"wk flu hosp rate change",2,2026-10-24,"45","pmf","large_decrease",0
2026-10-10,"wk flu hosp rate change",2,2026-10-24,"46","pmf","stable",1
2026-10-10,"wk flu hosp rate change",2,2026-10-24,"46","pmf","increase",0
2026-10-10,"wk flu hosp rate change",2,2026-10-24,"46","pmf","decrease",0
2026-10-10,"wk flu hosp rate change",2,2026-10-24,"46","pmf","large_increase",0
2026-10-10,"wk flu hosp rate change",2,2026-10-24,"46","pmf","large_decrease",0
2026-10-10,"wk flu hosp rate change",2,2026-10-24,"47","pmf","stable",0.0278443701713975
2026-10-10,"wk flu hosp rate change",2,2026-10-24,"47","pmf","increase",0.972155629828603
2026-10-10,"wk flu hosp rate change",2,2026-10-24,"47","pmf","decrease",0
2026-10-10,"wk flu hosp rate change",2,2026-10-24,"47","pmf","large_increase",0
2026-10-10,"wk flu hosp rate change",2,2026-10-24,"47","pmf","large_decrease",0
2026-10-10,"wk flu hosp rate change",2,2026-10-24,"48","pmf","stable",0.164581995581443
2026-10-10,"wk flu hosp rate change",2,2026-10-24,"48","pmf","increase",0.835418004418557
2026-10-10,"wk flu hosp rate change",2,2026-10-24,"48","pmf","decrease",0
2026-10-10,"wk flu hosp rate change",2,2026-10-24,"48","pmf","large_increase",0
2026-10-10,"wk flu hosp rate change",2,2026-10-24,"48","pmf","large_decrease",0
2026-10-10,"wk flu hosp rate change",2,2026-10-24,"49","pmf","stable",1
2026-10-10,"wk flu hosp rate change",2,2026-10-24,"49","pmf","increase",0
2026-10-10,"wk flu hosp rate change",2,2026-10-24,"49","pmf","decrease",0
2026-10-10,"wk flu hosp rate change",2,2026-10-24,"49","pmf","large_increase",0
2026-10-10,"wk flu hosp rate change",2,2026-10-24,"49","pmf","large_decrease",0
2026-10-10,"wk flu hosp rate change",2,2026-10-24,"50","pmf","stable",1
2026-10-10,"wk flu hosp rate change",2,2026-10-24,"50","pmf","increase",0
2026-10-10,"wk flu hosp rate change",2,2026-10-24,"50","pmf","decrease",0
2026-10-10,"wk flu hosp rate change",2,2026-10-24,"50","pmf","large_increase",0
2026-10-10,"wk flu hosp rate change",2,2026-10-24,"50","pmf","large_decrease",0
2026-10-10,"wk flu hosp rate change",2,2026-10-24,"51","pmf","stable",0.631518214201495
2026-10-10,"wk flu hosp rate change",2,2026-10-24,"51","pmf","increase",0.368481785798505
2026-10-10,"wk flu hosp rate change",2,2026-10-24,"51","pmf","decrease",0
2026-10-10,"wk flu hosp rate change",2,2026-10-24,"51","pmf","large_increase",0
2026-10-10,"wk flu hosp rate change",2,2026-10-24,"51","pmf","large_decrease",0
2026-10-10,"wk flu hosp rate change",2,2026-10-24,"53","pmf","stable",0
2026-10-10,"wk flu hosp rate change",2,2026-10-24,"53","pmf","increase",1
2026-10-10,"wk flu hosp rate change",2,2026-10-24,"53","pmf","decrease",0
2026-10-10,"wk flu hosp rate change",2,2026-10-24,"53","pmf","large_increase",0
2026-10-10,"wk flu hosp rate change",2,2026-10-24,"53","pmf","large_decrease",0
2026-10-10,"wk flu hosp rate change",2,2026-10-24,"54","pmf","stable",0.417869659458068
2026-10-10,"wk flu hosp rate change",2,2026-10-24,"54","pmf","increase",0.582130340541932
2026-10-10,"wk flu hosp rate change",2,2026-10-24,"54","pmf","decrease",0
2026-10-10,"wk flu hosp rate change",2,2026-10-24,"54","pmf","large_increase",0
2026-10-10,"wk flu hosp rate change",2,2026-10-24,"54","pmf","large_decrease",0
2026-10-10,"wk flu hosp rate change",2,2026-10-24,"55","pmf","stable",0.232067659674389
2026-10-10,"wk flu hosp rate change",2,2026-10-24,"55","pmf","increase",0.767932340325611
2026-10-10,"wk flu hosp rate change",2,2026-10-24,"55","pmf","decrease",0
2026-10-10,"wk flu hosp rate change",2,2026-10-24,"55","pmf","large_increase",0
2026-10-10,"wk flu hosp rate change",2,2026-10-24,"55","pmf","large_decrease",0
2026-10-10,"wk flu hosp rate change",2,2026-10-24,"56","pmf","stable",0.907701620702464
2026-10-10,"wk flu hosp rate change",2,2026-10-24,"56","pmf","increase",0.0922983792975357
2026-10-10,"wk flu hosp rate change",2,2026-10-24,"56","pmf","decrease",0
2026-10-10,"wk flu hosp rate change",2,2026-10-24,"56","pmf","large_increase",0
2026-10-10,"wk flu hosp rate change",2,2026-10-24,"56","pmf","large_decrease",0
2026-10-10,"wk flu hosp rate change",2,2026-10-24,"72","pmf","stable",0.27117213660947
2026-10-10,"wk flu hosp rate change",2,2026-10-24,"72","pmf","increase",0.706612819413609
2026-10-10,"wk flu hosp rate change",2,2026-10-24,"72","pmf","decrease",0.0222150439769206
2026-10-10,"wk flu hosp rate change",2,2026-10-24,"72","pmf","large_increase",0
2026-10-10,"wk flu hosp rate change",2,2026-10-24,"72","pmf","large_decrease",0
2026-10-10,"wk flu hosp rate change",2,2026-10-24,"US","pmf","stable",0.0653078352980016
2026-10-10,"wk flu hosp rate change",2,2026-10-24,"US","pmf","increase",0.934692164701998
2026-10-10,"wk flu hosp rate change",2,2026-10-24,"US","pmf","decrease",0
2026-10-10,"wk flu hosp rate change",2,2026-10-24,"US","pmf","large_increase",0
2026-10-10,"wk flu hosp rate change",2,2026-10-24,"US","pmf","large_decrease",0
2026-10-10,"wk flu hosp rate change",3,2026-10-31,"01","pmf","stable",0
2026-10-10,"wk flu hosp rate change",3,2026-10-31,"01","pmf","increase",1
2026-10-10,"wk flu hosp rate change",3,2026-10-31,"01","pmf","decrease",0
2026-10-10,"wk flu hosp rate change",3,2026-10-31,"01","pmf","large_increase",0
2026-10-10,"wk flu hosp rate change",3,2026-10-31,"01","pmf","large_decrease",0
2026-10-10,"wk flu hosp rate change",3,2026-10-31,"02","pmf","stable",0.588634127115949
2026-10-10,"wk flu hosp rate change",3,2026-10-31,"02","pmf","increase",0.325794742031159
2026-10-10,"wk flu hosp rate change",3,2026-10-31,"02","pmf","decrease",0.0855711308528924
2026-10-10,"wk flu hosp rate change",3,2026-10-31,"02","pmf","large_increase",0
2026-10-10,"wk flu hosp rate change",3,2026-10-31,"02","pmf","large_decrease",0
2026-10-10,"wk flu hosp rate change",3,2026-10-31,"04","pmf","stable",0
2026-10-10,"wk flu hosp rate change",3,2026-10-31,"04","pmf","increase",1
2026-10-10,"wk flu hosp rate change",3,2026-10-31,"04","pmf","decrease",0
2026-10-10,"wk flu hosp rate change",3,2026-10-31,"04","pmf","large_increase",0
2026-10-10,"wk flu hosp rate change",3,2026-10-31,"04","pmf","large_decrease",0
2026-10-10,"wk flu hosp rate change",3,2026-10-31,"05","pmf","stable",0.0404310308804003
2026-10-10,"wk flu hosp rate change",3,2026-10-31,"05","pmf","increase",0.9595689691196
2026-10-10,"wk flu hosp rate change",3,2026-10-31,"05","pmf","decrease",0
2026-10-10,"wk flu hosp rate change",3,2026-10-31,"05","pmf","large_increase",0
2026-10-10,"wk flu hosp rate change",3,2026-10-31,"05","pmf","large_decrease",0
2026-10-10,"wk flu hosp rate change",3,2026-10-31,"06","pmf","stable",0
2026-10-10,"wk flu hosp rate change",3,2026-10-31,"06","pmf","increase",1
2026-10-10,"wk flu hosp rate change",3,2026-10-31,"06","pmf","decrease",0
2026-10-10,"wk flu hosp rate change",3,2026-10-31,"06","pmf","large_increase",0
2026-10-10,"wk flu hosp rate change",3,2026-10-31,"06","pmf","large_decrease",0
2026-10-10,"wk flu hosp rate change",3,2026-10-31,"08","pmf","stable",0
2026-10-10,"wk flu hosp rate change",3,2026-10-31,"08","pmf","increase",1
2026-10-10,"wk flu hosp rate change",3,2026-10-31,"08","pmf","decrease",0
2026-10-10,"wk flu hosp rate change",3,2026-10-31,"08","pmf","large_increase",0
2026-10-10,"wk flu hosp rate change",3,2026-10-31,"08","pmf","large_decrease",0
2026-10-10,"wk flu hosp rate change",3,2026-10-31,"09","pmf","stable",0.61539919987729
2026-10-10,"wk flu hosp rate change",3,2026-10-31,"09","pmf","increase",0.38460080012271
2026-10-10,"wk flu hosp rate change",3,2026-10-31,"09","pmf","decrease",0
2026-10-10,"wk flu hosp rate change",3,2026-10-31,"09","pmf","large_increase",0
2026-10-10,"wk flu hosp rate change",3,2026-10-31,"09","pmf","large_decrease",0
2026-10-10,"wk flu hosp rate change",3,2026-10-31,"10","pmf","stable",0.0576056786960377
2026-10-10,"wk flu hosp rate change",3,2026-10-31,"10","pmf","increase",0.942394321303962
2026-10-10,"wk flu hosp rate change",3,2026-10-31,"10","pmf","decrease",0
2026-10-10,"wk flu hosp rate change",3,2026-10-31,"10","pmf","large_increase",0
2026-10-10,"wk flu hosp rate change",3,2026-10-31,"10","pmf","large_decrease",0
2026-10-10,"wk flu hosp rate change",3,2026-10-31,"11","pmf","stable",0.169409401934052
2026-10-10,"wk flu hosp rate change",3,2026-10-31,"11","pmf","increase",0.830590598065948
2026-10-10,"wk flu hosp rate change",3,2026-10-31,"11","pmf","decrease",0
2026-10-10,"wk flu hosp rate change",3,2026-10-31,"11","pmf","large_increase",0
2026-10-10,"wk flu hosp rate change",3,2026-10-31,"11","pmf","large_decrease",0
2026-10-10,"wk flu hosp rate change",3,2026-10-31,"12","pmf","stable",0.246546334238503
2026-10-10,"wk flu hosp rate change",3,2026-10-31,"12","pmf","increase",0.753453665761497
2026-10-10,"wk flu hosp rate change",3,2026-10-31,"12","pmf","decrease",0
2026-10-10,"wk flu hosp rate change",3,2026-10-31,"12","pmf","large_increase",0
2026-10-10,"wk flu hosp rate change",3,2026-10-31,"12","pmf","large_decrease",0
2026-10-10,"wk flu hosp rate change",3,2026-10-31,"13","pmf","stable",0.944871977950476
2026-10-10,"wk flu hosp rate change",3,2026-10-31,"13","pmf","increase",0.0551280220495236
2026-10-10,"wk flu hosp rate change",3,2026-10-31,"13","pmf","decrease",0
2026-10-10,"wk flu hosp rate change",3,2026-10-31,"13","pmf","large_increase",0
2026-10-10,"wk flu hosp rate change",3,2026-10-31,"13","pmf","large_decrease",0
2026-10-10,"wk flu hosp rate change",3,2026-10-31,"15","pmf","stable",0.446756393502134
2026-10-10,"wk flu hosp rate change",3,2026-10-31,"15","pmf","increase",0.399947612527151
2026-10-10,"wk flu hosp rate change",3,2026-10-31,"15","pmf","decrease",0.153295993970715
2026-10-10,"wk flu hosp rate change",3,2026-10-31,"15","pmf","large_increase",0
2026-10-10,"wk flu hosp rate change",3,2026-10-31,"15","pmf","large_decrease",0
2026-10-10,"wk flu hosp rate change",3,2026-10-31,"16","pmf","stable",0
2026-10-10,"wk flu hosp rate change",3,2026-10-31,"16","pmf","increase",1
2026-10-10,"wk flu hosp rate change",3,2026-10-31,"16","pmf","decrease",0
2026-10-10,"wk flu hosp rate change",3,2026-10-31,"16","pmf","large_increase",0
2026-10-10,"wk flu hosp rate change",3,2026-10-31,"16","pmf","large_decrease",0
2026-10-10,"wk flu hosp rate change",3,2026-10-31,"17","pmf","stable",0.142199453095192
2026-10-10,"wk flu hosp rate change",3,2026-10-31,"17","pmf","increase",0.857800546904808
2026-10-10,"wk flu hosp rate change",3,2026-10-31,"17","pmf","decrease",0
2026-10-10,"wk flu hosp rate change",3,2026-10-31,"17","pmf","large_increase",0
2026-10-10,"wk flu hosp rate change",3,2026-10-31,"17","pmf","large_decrease",0
2026-10-10,"wk flu hosp rate change",3,2026-10-31,"18","pmf","stable",0.623275522375255
2026-10-10,"wk flu hosp rate change",3,2026-10-31,"18","pmf","increase",0.376724477624745
2026-10-10,"wk flu hosp rate change",3,2026-10-31,"18","pmf","decrease",0
2026-10-10,"wk flu hosp rate change",3,2026-10-31,"18","pmf","large_increase",0
2026-10-10,"wk flu hosp rate change",3,2026-10-31,"18","pmf","large_decrease",0
2026-10-10,"wk flu hosp rate change",3,2026-10-31,"19","pmf","stable",0
2026-10-10,"wk flu hosp rate change",3,2026-10-31,"19","pmf","increase",1
2026-10-10,"wk flu hosp rate change",3,2026-10-31,"19","pmf","decrease",0
2026-10-10,"wk flu hosp rate change",3,2026-10-31,"19","pmf","large_increase",0
2026-10-10,"wk flu hosp rate change",3,2026-10-31,"19","pmf","large_decrease",0
2026-10-10,"wk flu hosp rate change",3,2026-10-31,"20","pmf","stable",1
2026-10-10,"wk flu hosp rate change",3,2026-10-31,"20","pmf","increase",0
2026-10-10,"wk flu hosp rate change",3,2026-10-31,"20","pmf","decrease",0
2026-10-10,"wk flu hosp rate change",3,2026-10-31,"20","pmf","large_increase",0
2026-10-10,"wk flu hosp rate change",3,2026-10-31,"20","pmf","large_decrease",0
2026-10-10,"wk flu hosp rate change",3,2026-10-31,"21","pmf","stable",0
2026-10-10,"wk flu hosp rate change",3,2026-10-31,"21","pmf","increase",1
2026-10-10,"wk flu hosp rate change",3,2026-10-31,"21","pmf","decrease",0
2026-10-10,"wk flu hosp rate change",3,2026-10-31,"21","pmf","large_increase",0
2026-10-10,"wk flu hosp rate change",3,2026-10-31,"21","pmf","large_decrease",0
2026-10-10,"wk flu hosp rate change",3,2026-10-31,"22","pmf","stable",0.0754934526285566
2026-10-10,"wk flu hosp rate change",3,2026-10-31,"22","pmf","increase",0.924506547371443
2026-10-10,"wk flu hosp rate change",3,2026-10-31,"22","pmf","decrease",0
2026-10-10,"wk flu hosp rate change",3,2026-10-31,"22","pmf","large_increase",0
2026-10-10,"wk flu hosp rate change",3,2026-10-31,"22","pmf","large_decrease",0
2026-10-10,"wk flu hosp rate change",3,2026-10-31,"23","pmf","stable",0.0895090572445913
2026-10-10,"wk flu hosp rate change",3,2026-10-31,"23","pmf","increase",0.910490942755409
2026-10-10,"wk flu hosp rate change",3,2026-10-31,"23","pmf","decrease",0
2026-10-10,"wk flu hosp rate change",3,2026-10-31,"23","pmf","large_increase",0
2026-10-10,"wk flu hosp rate change",3,2026-10-31,"23","pmf","large_decrease",0
2026-10-10,"wk flu hosp rate change",3,2026-10-31,"24","pmf","stable",0.071399210060625
2026-10-10,"wk flu hosp rate change",3,2026-10-31,"24","pmf","increase",0.928600789939375
2026-10-10,"wk flu hosp rate change",3,2026-10-31,"24","pmf","decrease",0
2026-10-10,"wk flu hosp rate change",3,2026-10-31,"24","pmf","large_increase",0
2026-10-10,"wk flu hosp rate change",3,2026-10-31,"24","pmf","large_decrease",0
2026-10-10,"wk flu hosp rate change",3,2026-10-31,"25","pmf","stable",0.347518189909438
2026-10-10,"wk flu hosp rate change",3,2026-10-31,"25","pmf","increase",0.652481810090562
2026-10-10,"wk flu hosp rate change",3,2026-10-31,"25","pmf","decrease",0
2026-10-10,"wk flu hosp rate change",3,2026-10-31,"25","pmf","large_increase",0
2026-10-10,"wk flu hosp rate change",3,2026-10-31,"25","pmf","large_decrease",0
2026-10-10,"wk flu hosp rate change",3,2026-10-31,"26","pmf","stable",0.590254852966671
2026-10-10,"wk flu hosp rate change",3,2026-10-31,"26","pmf","increase",0.409745147033329
2026-10-10,"wk flu hosp rate change",3,2026-10-31,"26","pmf","decrease",0
2026-10-10,"wk flu hosp rate change",3,2026-10-31,"26","pmf","large_increase",0
2026-10-10,"wk flu hosp rate change",3,2026-10-31,"26","pmf","large_decrease",0
2026-10-10,"wk flu hosp rate change",3,2026-10-31,"27","pmf","stable",0
2026-10-10,"wk flu hosp rate change",3,2026-10-31,"27","pmf","increase",1
2026-10-10,"wk flu hosp rate change",3,2026-10-31,"27","pmf","decrease",0
2026-10-10,"wk flu hosp rate change",3,2026-10-31,"27","pmf","large_increase",0
2026-10-10,"wk flu hosp rate change",3,2026-10-31,"27","pmf","large_decrease",0
2026-10-10,"wk flu hosp rate change",3,2026-10-31,"28","pmf","stable",0.534699740620718
2026-10-10,"wk flu hosp rate change",3,2026-10-31,"28","pmf","increase",0.465300259379282
2026-10-10,"wk flu hosp rate change",3,2026-10-31,"28","pmf","decrease",0
2026-10-10,"wk flu hosp rate change",3,2026-10-31,"28","pmf","large_increase",0
2026-10-10,"wk flu hosp rate change",3,2026-10-31,"28","pmf","large_decrease",0
2026-10-10,"wk flu hosp rate change",3,2026-10-31,"29","pmf","stable",0.0938610815348693
2026-10-10,"wk flu hosp rate change",3,2026-10-31,"29","pmf","increase",0.906138918465131
2026-10-10,"wk flu hosp rate change",3,2026-10-31,"29","pmf","decrease",0
2026-10-10,"wk flu hosp rate change",3,2026-10-31,"29","pmf","large_increase",0
2026-10-10,"wk flu hosp rate change",3,2026-10-31,"29","pmf","large_decrease",0
2026-10-10,"wk flu hosp rate change",3,2026-10-31,"30","pmf","stable",0.316649396798761
2026-10-10,"wk flu hosp rate change",3,2026-10-31,"30","pmf","increase",0.480783220470215
2026-10-10,"wk flu hosp rate change",3,2026-10-31,"30","pmf","decrease",0.170411884548492
2026-10-10,"wk flu hosp rate change",3,2026-10-31,"30","pmf","large_increase",0.0321554981825328
2026-10-10,"wk flu hosp rate change",3,2026-10-31,"30","pmf","large_decrease",0
2026-10-10,"wk flu hosp rate change",3,2026-10-31,"31","pmf","stable",0.972258232061494
2026-10-10,"wk flu hosp rate change",3,2026-10-31,"31","pmf","increase",0.027741767938506
2026-10-10,"wk flu hosp rate change",3,2026-10-31,"31","pmf","decrease",0
2026-10-10,"wk flu hosp rate change",3,2026-10-31,"31","pmf","large_increase",0
2026-10-10,"wk flu hosp rate change",3,2026-10-31,"31","pmf","large_decrease",0
2026-10-10,"wk flu hosp rate change",3,2026-10-31,"32","pmf","stable",0
2026-10-10,"wk flu hosp rate change",3,2026-10-31,"32","pmf","increase",1
2026-10-10,"wk flu hosp rate change",3,2026-10-31,"32","pmf","decrease",0
2026-10-10,"wk flu hosp rate change",3,2026-10-31,"32","pmf","large_increase",0
2026-10-10,"wk flu hosp rate change",3,2026-10-31,"32","pmf","large_decrease",0
2026-10-10,"wk flu hosp rate change",3,2026-10-31,"33","pmf","stable",1
2026-10-10,"wk flu hosp rate change",3,2026-10-31,"33","pmf","increase",0
2026-10-10,"wk flu hosp rate change",3,2026-10-31,"33","pmf","decrease",0
2026-10-10,"wk flu hosp rate change",3,2026-10-31,"33","pmf","large_increase",0
2026-10-10,"wk flu hosp rate change",3,2026-10-31,"33","pmf","large_decrease",0
2026-10-10,"wk flu hosp rate change",3,2026-10-31,"34","pmf","stable",0.0202898856511997
2026-10-10,"wk flu hosp rate change",3,2026-10-31,"34","pmf","increase",0.9797101143488
2026-10-10,"wk flu hosp rate change",3,2026-10-31,"34","pmf","decrease",0
2026-10-10,"wk flu hosp rate change",3,2026-10-31,"34","pmf","large_increase",0
2026-10-10,"wk flu hosp rate change",3,2026-10-31,"34","pmf","large_decrease",0
2026-10-10,"wk flu hosp rate change",3,2026-10-31,"35","pmf","stable",0.823912812576894
2026-10-10,"wk flu hosp rate change",3,2026-10-31,"35","pmf","increase",0.176087187423106
2026-10-10,"wk flu hosp rate change",3,2026-10-31,"35","pmf","decrease",0
2026-10-10,"wk flu hosp rate change",3,2026-10-31,"35","pmf","large_increase",0
2026-10-10,"wk flu hosp rate change",3,2026-10-31,"35","pmf","large_decrease",0
2026-10-10,"wk flu hosp rate change",3,2026-10-31,"36","pmf","stable",0
2026-10-10,"wk flu hosp rate change",3,2026-10-31,"36","pmf","increase",1
2026-10-10,"wk flu hosp rate change",3,2026-10-31,"36","pmf","decrease",0
2026-10-10,"wk flu hosp rate change",3,2026-10-31,"36","pmf","large_increase",0
2026-10-10,"wk flu hosp rate change",3,2026-10-31,"36","pmf","large_decrease",0
2026-10-10,"wk flu hosp rate change",3,2026-10-31,"37","pmf","stable",0.147659263584605
2026-10-10,"wk flu hosp rate change",3,2026-10-31,"37","pmf","increase",0.852340736415395
2026-10-10,"wk flu hosp rate change",3,2026-10-31,"37","pmf","decrease",0
2026-10-10,"wk flu hosp rate change",3,2026-10-31,"37","pmf","large_increase",0
2026-10-10,"wk flu hosp rate change",3,2026-10-31,"37","pmf","large_decrease",0
2026-10-10,"wk flu hosp rate change",3,2026-10-31,"38","pmf","stable",0.282724431839366
2026-10-10,"wk flu hosp rate change",3,2026-10-31,"38","pmf","increase",0.717275568160634
2026-10-10,"wk flu hosp rate change",3,2026-10-31,"38","pmf","decrease",0
2026-10-10,"wk flu hosp rate change",3,2026-10-31,"38","pmf","large_increase",0
2026-10-10,"wk flu hosp rate change",3,2026-10-31,"38","pmf","large_decrease",0
2026-10-10,"wk flu hosp rate change",3,2026-10-31,"39","pmf","stable",0
2026-10-10,"wk flu hosp rate change",3,2026-10-31,"39","pmf","increase",1
2026-10-10,"wk flu hosp rate change",3,2026-10-31,"39","pmf","decrease",0
2026-10-10,"wk flu hosp rate change",3,2026-10-31,"39","pmf","large_increase",0
2026-10-10,"wk flu hosp rate change",3,2026-10-31,"39","pmf","large_decrease",0
2026-10-10,"wk flu hosp rate change",3,2026-10-31,"40","pmf","stable",0.833674683908519
2026-10-10,"wk flu hosp rate change",3,2026-10-31,"40","pmf","increase",0.166325316091481
2026-10-10,"wk flu hosp rate change",3,2026-10-31,"40","pmf","decrease",0
2026-10-10,"wk flu hosp rate change",3,2026-10-31,"40","pmf","large_increase",0
2026-10-10,"wk flu hosp rate change",3,2026-10-31,"40","pmf","large_decrease",0
2026-10-10,"wk flu hosp rate change",3,2026-10-31,"41","pmf","stable",0
2026-10-10,"wk flu hosp rate change",3,2026-10-31,"41","pmf","increase",1
2026-10-10,"wk flu hosp rate change",3,2026-10-31,"41","pmf","decrease",0
2026-10-10,"wk flu hosp rate change",3,2026-10-31,"41","pmf","large_increase",0
2026-10-10,"wk flu hosp rate change",3,2026-10-31,"41","pmf","large_decrease",0
2026-10-10,"wk flu hosp rate change",3,2026-10-31,"42","pmf","stable",0.0483125505251904
2026-10-10,"wk flu hosp rate change",3,2026-10-31,"42","pmf","increase",0.95168744947481
2026-10-10,"wk flu hosp rate change",3,2026-10-31,"42","pmf","decrease",0
2026-10-10,"wk flu hosp rate change",3,2026-10-31,"42","pmf","large_increase",0
2026-10-10,"wk flu hosp rate change",3,2026-10-31,"42","pmf","large_decrease",0
2026-10-10,"wk flu hosp rate change",3,2026-10-31,"44","pmf","stable",0.948663758438816
2026-10-10,"wk flu hosp rate change",3,2026-10-31,"44","pmf","increase",0.0513362415611844
2026-10-10,"wk flu hosp rate change",3,2026-10-31,"44","pmf","decrease",0
2026-10-10,"wk flu hosp rate change",3,2026-10-31,"44","pmf","large_increase",0
2026-10-10,"wk flu hosp rate change",3,2026-10-31,"44","pmf","large_decrease",0
2026-10-10,"wk flu hosp rate change",3,2026-10-31,"45","pmf","stable",0
2026-10-10,"wk flu hosp rate change",3,2026-10-31,"45","pmf","increase",1
2026-10-10,"wk flu hosp rate change",3,2026-10-31,"45","pmf","decrease",0
2026-10-10,"wk flu hosp rate change",3,2026-10-31,"45","pmf","large_increase",0
2026-10-10,"wk flu hosp rate change",3,2026-10-31,"45","pmf","large_decrease",0
2026-10-10,"wk flu hosp rate change",3,2026-10-31,"46","pmf","stable",1
2026-10-10,"wk flu hosp rate change",3,2026-10-31,"46","pmf","increase",0
2026-10-10,"wk flu hosp rate change",3,2026-10-31,"46","pmf","decrease",0
2026-10-10,"wk flu hosp rate change",3,2026-10-31,"46","pmf","large_increase",0
2026-10-10,"wk flu hosp rate change",3,2026-10-31,"46","pmf","large_decrease",0
2026-10-10,"wk flu hosp rate change",3,2026-10-31,"47","pmf","stable",0.292018371211557
2026-10-10,"wk flu hosp rate change",3,2026-10-31,"47","pmf","increase",0.707981628788443
2026-10-10,"wk flu hosp rate change",3,2026-10-31,"47","pmf","decrease",0
2026-10-10,"wk flu hosp rate change",3,2026-10-31,"47","pmf","large_increase",0
2026-10-10,"wk flu hosp rate change",3,2026-10-31,"47","pmf","large_decrease",0
2026-10-10,"wk flu hosp rate change",3,2026-10-31,"48","pmf","stable",0.10877785665682
2026-10-10,"wk flu hosp rate change",3,2026-10-31,"48","pmf","increase",0.89122214334318
2026-10-10,"wk flu hosp rate change",3,2026-10-31,"48","pmf","decrease",0
2026-10-10,"wk flu hosp rate change",3,2026-10-31,"48","pmf","large_increase",0
2026-10-10,"wk flu hosp rate change",3,2026-10-31,"48","pmf","large_decrease",0
2026-10-10,"wk flu hosp rate change",3,2026-10-31,"49","pmf","stable",1
2026-10-10,"wk flu hosp rate change",3,2026-10-31,"49","pmf","increase",0
2026-10-10,"wk flu hosp rate change",3,2026-10-31,"49","pmf","decrease",0
2026-10-10,"wk flu hosp rate change",3,2026-10-31,"49","pmf","large_increase",0
2026-10-10,"wk flu hosp rate change",3,2026-10-31,"49","pmf","large_decrease",0
2026-10-10,"wk flu hosp rate change",3,2026-10-31,"50","pmf","stable",1
2026-10-10,"wk flu hosp rate change",3,2026-10-31,"50","pmf","increase",0
2026-10-10,"wk flu hosp rate change",3,2026-10-31,"50","pmf","decrease",0
2026-10-10,"wk flu hosp rate change",3,2026-10-31,"50","pmf","large_increase",0
2026-10-10,"wk flu hosp rate change",3,2026-10-31,"50","pmf","large_decrease",0
2026-10-10,"wk flu hosp rate change",3,2026-10-31,"51","pmf","stable",0.32080025263725
2026-10-10,"wk flu hosp rate change",3,2026-10-31,"51","pmf","increase",0.67919974736275
2026-10-10,"wk flu hosp rate change",3,2026-10-31,"51","pmf","decrease",0
2026-10-10,"wk flu hosp rate change",3,2026-10-31,"51","pmf","large_increase",0
2026-10-10,"wk flu hosp rate change",3,2026-10-31,"51","pmf","large_decrease",0
2026-10-10,"wk flu hosp rate change",3,2026-10-31,"53","pmf","stable",0
2026-10-10,"wk flu hosp rate change",3,2026-10-31,"53","pmf","increase",1
2026-10-10,"wk flu hosp rate change",3,2026-10-31,"53","pmf","decrease",0
2026-10-10,"wk flu hosp rate change",3,2026-10-31,"53","pmf","large_increase",0
2026-10-10,"wk flu hosp rate change",3,2026-10-31,"53","pmf","large_decrease",0
2026-10-10,"wk flu hosp rate change",3,2026-10-31,"54","pmf","stable",0.109661144491273
2026-10-10,"wk flu hosp rate change",3,2026-10-31,"54","pmf","increase",0.890338855508727
2026-10-10,"wk flu hosp rate change",3,2026-10-31,"54","pmf","decrease",0
2026-10-10,"wk flu hosp rate change",3,2026-10-31,"54","pmf","large_increase",0
2026-10-10,"wk flu hosp rate change",3,2026-10-31,"54","pmf","large_decrease",0
2026-10-10,"wk flu hosp rate change",3,2026-10-31,"55","pmf","stable",0
2026-10-10,"wk flu hosp rate change",3,2026-10-31,"55","pmf","increase",1
2026-10-10,"wk flu hosp rate change",3,2026-10-31,"55","pmf","decrease",0
2026-10-10,"wk flu hosp rate change",3,2026-10-31,"55","pmf","large_increase",0
2026-10-10,"wk flu hosp rate change",3,2026-10-31,"55","pmf","large_decrease",0
2026-10-10,"wk flu hosp rate change",3,2026-10-31,"56","pmf","stable",0.5
2026-10-10,"wk flu hosp rate change",3,2026-10-31,"56","pmf","increase",0.5
2026-10-10,"wk flu hosp rate change",3,2026-10-31,"56","pmf","decrease",0
2026-10-10,"wk flu hosp rate change",3,2026-10-31,"56","pmf","large_increase",0
2026-10-10,"wk flu hosp rate change",3,2026-10-31,"56","pmf","large_decrease",0
2026-10-10,"wk flu hosp rate change",3,2026-10-31,"72","pmf","stable",0.355435522093274
2026-10-10,"wk flu hosp rate change",3,2026-10-31,"72","pmf","increase",0.629617260224379
2026-10-10,"wk flu hosp rate change",3,2026-10-31,"72","pmf","decrease",0.0149472176823462
2026-10-10,"wk flu hosp rate change",3,2026-10-31,"72","pmf","large_increase",0
2026-10-10,"wk flu hosp rate change",3,2026-10-31,"72","pmf","large_decrease",0
2026-10-10,"wk flu hosp rate change",3,2026-10-31,"US","pmf","stable",0
2026-10-10,"wk flu hosp rate change",3,2026-10-31,"US","pmf","increase",1
2026-10-10,"wk flu hosp rate change",3,2026-10-31,"US","pmf","decrease",0
2026-10-10,"wk flu hosp rate change",3,2026-10-31,"US","pmf","large_increase",0
2026-10-10,"wk flu hosp rate change",3,2026-10-31,"US","pmf","large_decrease",0
