reference_date,target,horizon,location,target_end_date,output_type,output_type_id,value
2026-10-10,wk inc flu hosp,0,45,2026-10-10,quantile,0.01,17
2026-10-10,wk inc flu hosp,0,45,2026-10-10,quantile,0.025,18
2026-10-10,wk inc flu hosp,0,45,2026-10-10,quantile,0.05,24
2026-10-10,wk inc flu hosp,0,45,2026-10-10,quantile,0.1,31
2026-10-10,wk inc flu hosp,0,45,2026-10-10,quantile,0.15,34
2026-10-10,wk inc flu hosp,0,45,2026-10-10,quantile,0.2,36
2026-10-10,wk inc flu hosp,0,45,2026-10-10,quantile,0.25,39
2026-10-10,wk inc flu hosp,0,45,2026-10-10,quantile,0.3,40
2026-10-10,wk inc flu hosp,0,45,2026-10-10,quantile,0.35,41
2026-10-10,wk inc flu hosp,0,45,2026-10-10,quantile,0.4,42
2026-10-10,wk inc flu hosp,0,45,2026-10-10,quantile,0.45,44
2026-10-10,wk inc flu hosp,0,45,2026-10-10,quantile,0.5,45
2026-10-10,wk inc flu hosp,0,45,2026-10-10,quantile,0.55,46
2026-10-10,wk inc flu hosp,0,45,2026-10-10,quantile,0.6,46
2026-10-10,wk inc flu hosp,0,45,2026-10-10,quantile,0.65,47
2026-10-10,wk inc flu hosp,0,45,2026-10-10,quantile,0.7,49
2026-10-10,wk inc flu hosp,0,45,2026-10-10,quantile,0.75,51
2026-10-10,wk inc flu hosp,0,45,2026-10-10,quantile,0.8,54
2026-10-10,wk inc flu hosp,0,45,2026-10-10,quantile,0.85,57
2026-10-10,wk inc flu hosp,0,45,2026-10-10,quantile,0.9,66
2026-10-10,wk inc flu hosp,0,45,2026-10-10,quantile,0.95,69
2026-10-10,wk inc flu hosp,0,45,2026-10-10,quantile,0.975,84
2026-10-10,wk inc flu hosp,0,45,2026-10-10,quantile,0.99,91
2026-10-10,wk inc flu hosp,1,45,2026-10-17,quantile,0.01,15
2026-10-10,wk inc flu hosp,1,45,2026-10-17,quantile,0.025,15
2026-10-10,wk inc flu hosp,1,45,2026-10-17,quantile,0.05,22
2026-10-10,wk inc flu hosp,1,45,2026-10-17,quantile,0.1,36
2026-10-10,wk inc flu hosp,1,45,2026-10-17,quantile,0.15,39
2026-10-10,wk inc flu hosp,1,45,2026-10-17,quantile,0.2,44
2026-10-10,wk inc flu hosp,1,45,2026-10-17,quantile,0.25,48
2026-10-10,wk inc flu hosp,1,45,2026-10-17,quantile,0.3,49
2026-10-10,wk inc flu hosp,1,45,2026-10-17,quantile,0.35,50
2026-10-10,wk inc flu hosp,1,45,2026-10-17,quantile,0.4,51
2026-10-10,wk inc flu hosp,1,45,2026-10-17,quantile,0.45,53
2026-10-10,wk inc flu hosp,1,45,2026-10-17,quantile,0.5,53
2026-10-10,wk inc flu hosp,1,45,2026-10-17,quantile,0.55,54
2026-10-10,wk inc flu hosp,1,45,2026-10-17,quantile,0.6,57
2026-10-10,wk inc flu hosp,1,45,2026-10-17,quantile,0.65,58
2026-10-10,wk inc flu hosp,1,45,2026-10-17,quantile,0.7,61
2026-10-10,wk inc flu hosp,1,45,2026-10-17,quantile,0.75,62
2026-10-10,wk inc flu hosp,1,45,2026-10-17,quantile,0.8,67
2026-10-10,wk inc flu hosp,1,45,2026-10-17,quantile,0.85,78
2026-10-10,wk inc flu hosp,1,45,2026-10-17,quantile,0.9,86
2026-10-10,wk inc flu hosp,1,45,2026-10-17,quantile,0.95,88
2026-10-10,wk inc flu hosp,1,45,2026-10-17,quantile,0.975,91
2026-10-10,wk inc flu hosp,1,45,2026-10-17,quantile,0.99,99
2026-10-10,wk inc flu hosp,2,45,2026-10-24,quantile,0.01,32
2026-10-10,wk inc flu hosp,2,45,2026-10-24,quantile,0.025,33
2026-10-10,wk inc flu hosp,2,45,2026-10-24,quantile,0.05,36
2026-10-10,wk inc flu hosp,2,45,2026-10-24,quantile,0.1,46
2026-10-10,wk inc flu hosp,2,45,2026-10-24,quantile,0.15,49
2026-10-10,wk inc flu hosp,2,45,2026-10-24,quantile,0.2,50
2026-10-10,wk inc flu hosp,2,45,2026-10-24,quantile,0.25,51
2026-10-10,wk inc flu hosp,2,45,2026-10-24,quantile,0.3,53
2026-10-10,wk inc flu hosp,2,45,2026-10-24,quantile,0.35,54
2026-10-10,wk inc flu hosp,2,45,2026-10-24,quantile,0.4,56
2026-10-10,wk inc flu hosp,2,45,2026-10-24,quantile,0.45,58
2026-10-10,wk inc flu hosp,2,45,2026-10-24,quantile,0.5,60
2026-10-10,wk inc flu hosp,2,45,2026-10-24,quantile,0.55,62
2026-10-10,wk inc flu hosp,2,45,2026-10-24,quantile,0.6,62
2026-10-10,wk inc flu hosp,2,45,2026-10-24,quantile,0.65,63
2026-10-10,wk inc flu hosp,2,45,2026-10-24,quantile,0.7,63
2026-10-10,wk inc flu hosp,2,45,2026-10-24,quantile,0.75,67
2026-10-10,wk inc flu hosp,2,45,2026-10-24,quantile,0.8,76
2026-10-10,wk inc flu hosp,2,45,2026-10-24,quantile,0.85,77
2026-10-10,wk inc flu hosp,2,45,2026-10-24,quantile,0.9,83
2026-10-10,wk inc flu hosp,2,45,2026-10-24,quantile,0.95,95
2026-10-10,wk inc flu hosp,2,45,2026-10-24,quantile,0.975,115
2026-10-10,wk inc flu hosp,2,45,2026-10-24,quantile,0.99,116
2026-10-10,wk inc flu hosp,3,45,2026-10-31,quantile,0.01,36
2026-10-10,wk inc flu hosp,3,45,2026-10-31,quantile,0.025,36
2026-10-10,wk inc flu hosp,3,45,2026-10-31,quantile,0.05,46
2026-10-10,wk inc flu hosp,3,45,2026-10-31,quantile,0.1,52
2026-10-10,wk inc flu hosp,3,45,2026-10-31,quantile,0.15,55
2026-10-10,wk inc flu hosp,3,45,2026-10-31,quantile,0.2,56
2026-10-10,wk inc flu hosp,3,45,2026-10-31,quantile,0.25,57
2026-10-10,wk inc flu hosp,3,45,2026-10-31,quantile,0.3,60
2026-10-10,wk inc flu hosp,3,45,2026-10-31,quantile,0.35,62
2026-10-10,wk inc flu hosp,3,45,2026-10-31,quantile,0.4,62
2026-10-10,wk inc flu hosp,3,45,2026-10-31,quantile,0.45,65
2026-10-10,wk inc flu hosp,3,45,2026-10-31,quantile,0.5,67
2026-10-10,wk inc flu hosp,3,45,2026-10-31,quantile,0.55,68
2026-10-10,wk inc flu hosp,3,45,2026-10-31,quantile,0.6,70
2026-10-10,wk inc flu hosp,3,45,2026-10-31,quantile,0.65,70
2026-10-10,wk inc flu hosp,3,45,2026-10-31,quantile,0.7,70
2026-10-10,wk inc flu hosp,3,45,2026-10-31,quantile,0.75,75
2026-10-10,wk inc flu hosp,3,45,2026-10-31,quantile,0.8,84
2026-10-10,wk inc flu hosp,3,45,2026-10-31,quantile,0.85,86
2026-10-10,wk inc flu hosp,3,45,2026-10-31,quantile,0.9,93
2026-10-10,wk inc flu hosp,3,45,2026-10-31,quantile,0.95,106
2026-10-10,wk inc flu hosp,3,45,2026-10-31,quantile,0.975,129
2026-10-10,wk inc flu hosp,3,45,2026-10-31,quantile,0.99,130
2026-10-10,wk inc flu hosp,0,US,2026-10-10,quantile,0.01,3056
2026-10-10,wk inc flu hosp,0,US,2026-10-10,quantile,0.025,3131
2026-10-10,wk inc flu hosp,0,US,2026-10-10,quantile,0.05,3350
2026-10-10,wk inc flu hosp,0,US,2026-10-10,quantile,0.1,3557
2026-10-10,wk inc flu hosp,0,US,2026-10-10,quantile,0.15,3668
2026-10-10,wk inc flu hosp,0,US,2026-10-10,quantile,0.2,3712
2026-10-10,wk inc flu hosp,0,US,2026-10-10,quantile,0.25,3766
2026-10-10,wk inc flu hosp,0,US,2026-10-10,quantile,0.3,3838
2026-10-10,wk inc flu hosp,0,US,2026-10-10,quantile,0.35,3867
2026-10-10,wk inc flu hosp,0,US,2026-10-10,quantile,0.4,3908
2026-10-10,wk inc flu hosp,0,US,2026-10-10,quantile,0.45,3937
2026-10-10,wk inc flu hosp,0,US,2026-10-10,quantile,0.5,3986
2026-10-10,wk inc flu hosp,0,US,2026-10-10,quantile,0.55,4010
2026-10-10,wk inc flu hosp,0,US,2026-10-10,quantile,0.6,4067
2026-10-10,wk inc flu hosp,0,US,2026-10-10,quantile,0.65,4102
2026-10-10,wk inc flu hosp,0,US,2026-10-10,quantile,0.7,4147
2026-10-10,wk inc flu hosp,0,US,2026-10-10,quantile,0.75,4284
2026-10-10,wk inc flu hosp,0,US,2026-10-10,quantile,0.8,4337
2026-10-10,wk inc flu hosp,0,US,2026-10-10,quantile,0.85,4425
2026-10-10,wk inc flu hosp,0,US,2026-10-10,quantile,0.9,4528
2026-10-10,wk inc flu hosp,0,US,2026-10-10,quantile,0.95,5162
2026-10-10,wk inc flu hosp,0,US,2026-10-10,quantile,0.975,5357
2026-10-10,wk inc flu hosp,0,US,2026-10-10,quantile,0.99,5547
2026-10-10,wk inc flu hosp,1,US,2026-10-17,quantile,0.01,4090
2026-10-10,wk inc flu hosp,1,US,2026-10-17,quantile,0.025,4190
2026-10-10,wk inc flu hosp,1,US,2026-10-17,quantile,0.05,4270
2026-10-10,wk inc flu hosp,1,US,2026-10-17,quantile,0.1,4353
2026-10-10,wk inc flu hosp,1,US,2026-10-17,quantile,0.15,4395
2026-10-10,wk inc flu hosp,1,US,2026-10-17,quantile,0.2,4434
2026-10-10,wk inc flu hosp,1,US,2026-10-17,quantile,0.25,4515
2026-10-10,wk inc flu hosp,1,US,2026-10-17,quantile,0.3,4587
2026-10-10,wk inc flu hosp,1,US,2026-10-17,quantile,0.35,4631
2026-10-10,wk inc flu hosp,1,US,2026-10-17,quantile,0.4,4652
2026-10-10,wk inc flu hosp,1,US,2026-10-17,quantile,0.45,4764
2026-10-10,wk inc flu hosp,1,US,2026-10-17,quantile,0.5,4796
2026-10-10,wk inc flu hosp,1,US,2026-10-17,quantile,0.55,4807
2026-10-10,wk inc flu hosp,1,US,2026-10-17,quantile,0.6,4916
2026-10-10,wk inc flu hosp,1,US,2026-10-17,quantile,0.65,5089
2026-10-10,wk inc flu hosp,1,US,2026-10-17,quantile,0.7,5124
2026-10-10,wk inc flu hosp,1,US,2026-10-17,quantile,0.75,5195
2026-10-10,wk inc flu hosp,1,US,2026-10-17,quantile,0.8,5260
2026-10-10,wk inc flu hosp,1,US,2026-10-17,quantile,0.85,5317
2026-10-10,wk inc flu hosp,1,US,2026-10-17,quantile,0.9,6022
2026-10-10,wk inc flu hosp,1,US,2026-10-17,quantile,0.95,6422
2026-10-10,wk inc flu hosp,1,US,2026-10-17,quantile,0.975,6453
2026-10-10,wk inc flu hosp,1,US,2026-10-17,quantile,0.99,6635
2026-10-10,wk inc flu hosp,2,US,2026-10-24,quantile,0.01,4490
2026-10-10,wk inc flu hosp,2,US,2026-10-24,quantile,0.025,4595
2026-10-10,wk inc flu hosp,2,US,2026-10-24,quantile,0.05,4825
2026-10-10,wk inc flu hosp,2,US,2026-10-24,quantile,0.1,5014
2026-10-10,wk inc flu hosp,2,US,2026-10-24,quantile,0.15,5171
2026-10-10,wk inc flu hosp,2,US,2026-10-24,quantile,0.2,5235
2026-10-10,wk inc flu hosp,2,US,2026-10-24,quantile,0.25,5298
2026-10-10,wk inc flu hosp,2,US,2026-10-24,quantile,0.3,5415
2026-10-10,wk inc flu hosp,2,US,2026-10-24,quantile,0.35,5558
2026-10-10,wk inc flu hosp,2,US,2026-10-24,quantile,0.4,5650
2026-10-10,wk inc flu hosp,2,US,2026-10-24,quantile,0.45,5662
2026-10-10,wk inc flu hosp,2,US,2026-10-24,quantile,0.5,5665
2026-10-10,wk inc flu hosp,2,US,2026-10-24,quantile,0.55,5700
2026-10-10,wk inc flu hosp,2,US,2026-10-24,quantile,0.6,5817
2026-10-10,wk inc flu hosp,2,US,2026-10-24,quantile,0.65,5889
2026-10-10,wk inc flu hosp,2,US,2026-10-24,quantile,0.7,5980
2026-10-10,wk inc flu hosp,2,US,2026-10-24,quantile,0.75,6075
2026-10-10,wk inc flu hosp,2,US,2026-10-24,quantile,0.8,6158
2026-10-10,wk inc flu hosp,2,US,2026-10-24,quantile,0.85,6238
2026-10-10,wk inc flu hosp,2,US,2026-10-24,quantile,0.9,6695
2026-10-10,wk inc flu hosp,2,US,2026-10-24,quantile,0.95,7238
2026-10-10,wk inc flu hosp,2,US,2026-10-24,quantile,0.975,7512
2026-10-10,wk inc flu hosp,2,US,2026-10-24,quantile,0.99,7815
2026-10-10,wk inc flu hosp,3,US,2026-10-31,quantile,0.01,5115
2026-10-10,wk inc flu hosp,3,US,2026-10-31,quantile,0.025,5235
2026-10-10,wk inc flu hosp,3,US,2026-10-31,quantile,0.05,5497
2026-10-10,wk inc flu hosp,3,US,2026-10-31,quantile,0.1,5712
2026-10-10,wk inc flu hosp,3,US,2026-10-31,quantile,0.15,5894
2026-10-10,wk inc flu hosp,3,US,2026-10-31,quantile,0.2,5963
2026-10-10,wk inc flu hosp,3,US,2026-10-31,quantile,0.25,6071
2026-10-10,wk inc flu hosp,3,US,2026-10-31,quantile,0.3,6293
2026-10-10,wk inc flu hosp,3,US,2026-10-31,quantile,0.35,6375
2026-10-10,wk inc flu hosp,3,US,2026-10-31,quantile,0.4,6437
2026-10-10,wk inc flu hosp,3,US,2026-10-31,quantile,0.45,6491
2026-10-10,wk inc flu hosp,3,US,2026-10-31,quantile,0.5,6580
2026-10-10,wk inc flu hosp,3,US,2026-10-31,quantile,0.55,6580
2026-10-10,wk inc flu hosp,3,US,2026-10-31,quantile,0.6,6684
2026-10-10,wk inc flu hosp,3,US,2026-10-31,quantile,0.65,6740
2026-10-10,wk inc flu hosp,3,US,2026-10-31,quantile,0.7,6833
2026-10-10,wk inc flu hosp,3,US,2026-10-31,quantile,0.75,6948
2026-10-10,wk inc flu hosp,3,US,2026-10-31,quantile,0.8,7126
2026-10-10,wk inc flu hosp,3,US,2026-10-31,quantile,0.85,7482
2026-10-10,wk inc flu hosp,3,US,2026-10-31,quantile,0.9,7627
2026-10-10,wk inc flu hosp,3,US,2026-10-31,quantile,0.95,8246
2026-10-10,wk inc flu hosp,3,US,2026-10-31,quantile,0.975,8651
2026-10-10,wk inc flu hosp,3,US,2026-10-31,quantile,0.99,8957
