"target","target_end_date","location","observation","weekly_rate"
"wk inc flu hosp",2024-11-02,"02",8,1.09080100244612
"wk inc flu hosp",2024-11-02,"01",13,0.254479425142724
"wk inc flu hosp",2024-11-02,"05",6,0.195584229652395
"wk inc flu hosp",2024-11-02,"04",129,1.73589057376432
"wk inc flu hosp",2024-11-02,"06",110,0.282303234068416
"wk inc flu hosp",2024-11-02,"08",25,0.425342954023829
"wk inc flu hosp",2024-11-02,"09",10,0.27645876230518
"wk inc flu hosp",2024-11-02,"11",1,0.147281478470393
"wk inc flu hosp",2024-11-02,"10",0,0
"wk inc flu hosp",2024-11-02,"12",110,0.486494772436763
"wk inc flu hosp",2024-11-02,"13",14,0.126935459756155
"wk inc flu hosp",2024-11-02,"15",3,0.209039130731679
"wk inc flu hosp",2024-11-02,"19",5,0.155908754713122
"wk inc flu hosp",2024-11-02,"16",6,0.305386094549571
"wk inc flu hosp",2024-11-02,"17",27,0.215144773707141
"wk inc flu hosp",2024-11-02,"18",14,0.20401623444613
"wk inc flu hosp",2024-11-02,"20",10,0.340072898026421
"wk inc flu hosp",2024-11-02,"21",7,0.154656690868229
"wk inc flu hosp",2024-11-02,"22",27,0.590325354539569
"wk inc flu hosp",2024-11-02,"25",3,0.042848579262516
"wk inc flu hosp",2024-11-02,"24",4,0.0647222694604897
"wk inc flu hosp",2024-11-02,"23",0,0
"wk inc flu hosp",2024-11-02,"26",7,0.0697401412596524
"wk inc flu hosp",2024-11-02,"27",4,0.0697117332689662
"wk inc flu hosp",2024-11-02,"29",13,0.209807500004842
"wk inc flu hosp",2024-11-02,"28",15,0.510257884334743
"wk inc flu hosp",2024-11-02,"30",0,0
"wk inc flu hosp",2024-11-02,"37",14,0.129205035563225
"wk inc flu hosp",2024-11-02,"38",2,0.255126121598212
"wk inc flu hosp",2024-11-02,"31",2,0.101092864410712
"wk inc flu hosp",2024-11-02,"33",1,0.0713239290355436
"wk inc flu hosp",2024-11-02,"34",28,0.30137207169943
"wk inc flu hosp",2024-11-02,"35",2,0.09459077900709
"wk inc flu hosp",2024-11-02,"32",11,0.344376765713599
"wk inc flu hosp",2024-11-02,"36",15,0.0766431682119292
"wk inc flu hosp",2024-11-02,"39",17,0.144239723025793
"wk inc flu hosp",2024-11-02,"40",3,0.0740041994916405
"wk inc flu hosp",2024-11-02,"41",7,0.165353367232348
"wk inc flu hosp",2024-11-02,"42",97,0.74835960731334
"wk inc flu hosp",2024-11-02,"72",15,0.4679178373711
"wk inc flu hosp",2024-11-02,"44",2,0.182488078966242
"wk inc flu hosp",2024-11-02,"45",11,0.204706195433005
"wk inc flu hosp",2024-11-02,"46",0,0
"wk inc flu hosp",2024-11-02,"47",45,0.631446986026359
"wk inc flu hosp",2024-11-02,"48",103,0.337668372350914
"wk inc flu hosp",2024-11-02,"US",977,0.291715899945268
"wk inc flu hosp",2024-11-02,"49",2,0.0585183048183387
"wk inc flu hosp",2024-11-02,"51",16,0.183576805896671
"wk inc flu hosp",2024-11-02,"50",0,0
"wk inc flu hosp",2024-11-02,"53",2,0.0255987548765628
"wk inc flu hosp",2024-11-02,"55",5,0.0845887001339039
"wk inc flu hosp",2024-11-02,"54",0,0
"wk inc flu hosp",2024-11-02,"56",0,0
"wk inc flu hosp",2024-11-09,"02",5,0.681750626528826
"wk inc flu hosp",2024-11-09,"01",32,0.626410892659012
"wk inc flu hosp",2024-11-09,"05",11,0.358571087696057
"wk inc flu hosp",2024-11-09,"04",262,3.5256072118314
"wk inc flu hosp",2024-11-09,"06",159,0.40805649288071
"wk inc flu hosp",2024-11-09,"08",20,0.340274363219064
"wk inc flu hosp",2024-11-09,"09",4,0.110583504922072
"wk inc flu hosp",2024-11-09,"11",3,0.44184443541118
"wk inc flu hosp",2024-11-09,"10",1,0.0969095543129597
"wk inc flu hosp",2024-11-09,"12",360,1.59216470979304
"wk inc flu hosp",2024-11-09,"13",41,0.371739560714454
"wk inc flu hosp",2024-11-09,"15",7,0.48775797170725
"wk inc flu hosp",2024-11-09,"19",4,0.124727003770497
"wk inc flu hosp",2024-11-09,"16",8,0.407181459399428
"wk inc flu hosp",2024-11-09,"17",36,0.286859698276188
"wk inc flu hosp",2024-11-09,"18",28,0.40803246889226
"wk inc flu hosp",2024-11-09,"20",7,0.238051028618495
"wk inc flu hosp",2024-11-09,"21",16,0.35350100769881
"wk inc flu hosp",2024-11-09,"22",85,1.85843167169864
"wk inc flu hosp",2024-11-09,"25",30,0.42848579262516
"wk inc flu hosp",2024-11-09,"24",9,0.145625106286102
"wk inc flu hosp",2024-11-09,"23",1,0.0716475057353828
"wk inc flu hosp",2024-11-09,"26",36,0.35866358362107
"wk inc flu hosp",2024-11-09,"27",17,0.296274866393106
"wk inc flu hosp",2024-11-09,"29",30,0.484171153857327
"wk inc flu hosp",2024-11-09,"28",23,0.782395422646606
"wk inc flu hosp",2024-11-09,"30",0,0
"wk inc flu hosp",2024-11-09,"37",27,0.24918114001479
"wk inc flu hosp",2024-11-09,"38",0,0
"wk inc flu hosp",2024-11-09,"31",4,0.202185728821424
"wk inc flu hosp",2024-11-09,"33",5,0.356619645177718
"wk inc flu hosp",2024-11-09,"34",30,0.322898648249389
"wk inc flu hosp",2024-11-09,"35",16,0.75672623205672
"wk inc flu hosp",2024-11-09,"32",25,0.782674467530906
"wk inc flu hosp",2024-11-09,"36",55,0.281024950110407
"wk inc flu hosp",2024-11-09,"39",24,0.203632550154061
"wk inc flu hosp",2024-11-09,"40",13,0.320684864463775
"wk inc flu hosp",2024-11-09,"41",25,0.59054774011553
"wk inc flu hosp",2024-11-09,"42",142,1.09553674472675
"wk inc flu hosp",2024-11-09,"72",119,3.7121481764774
"wk inc flu hosp",2024-11-09,"44",3,0.273732118449362
"wk inc flu hosp",2024-11-09,"45",21,0.390802736735736
"wk inc flu hosp",2024-11-09,"46",2,0.217552577019051
"wk inc flu hosp",2024-11-09,"47",80,1.12257241960242
"wk inc flu hosp",2024-11-09,"48",182,0.596656735610352
"wk inc flu hosp",2024-11-09,"US",2081,0.621351881050259
"wk inc flu hosp",2024-11-09,"49",7,0.204814066864185
"wk inc flu hosp",2024-11-09,"51",26,0.29831230958209
"wk inc flu hosp",2024-11-09,"50",0,0
"wk inc flu hosp",2024-11-09,"53",14,0.17919128413594
"wk inc flu hosp",2024-11-09,"55",12,0.203012880321369
"wk inc flu hosp",2024-11-09,"54",6,0.338969453767674
"wk inc flu hosp",2024-11-09,"56",5,0.856080827727431
"wk inc flu hosp",2024-11-16,"02",9,1.22715112775189
"wk inc flu hosp",2024-11-16,"01",44,0.861314977406142
"wk inc flu hosp",2024-11-16,"05",13,0.423765830913522
"wk inc flu hosp",2024-11-16,"04",329,4.42719378890279
"wk inc flu hosp",2024-11-16,"06",313,0.803281020576492
"wk inc flu hosp",2024-11-16,"08",29,0.493397826667642
"wk inc flu hosp",2024-11-16,"09",5,0.13822938115259
"wk inc flu hosp",2024-11-16,"11",1,0.147281478470393
"wk inc flu hosp",2024-11-16,"10",4,0.387638217251839
"wk inc flu hosp",2024-11-16,"12",375,1.65850490603442
"wk inc flu hosp",2024-11-16,"13",44,0.398940016376488
"wk inc flu hosp",2024-11-16,"15",15,1.04519565365839
"wk inc flu hosp",2024-11-16,"19",5,0.155908754713122
"wk inc flu hosp",2024-11-16,"16",12,0.610772189099142
"wk inc flu hosp",2024-11-16,"17",34,0.270923048371956
"wk inc flu hosp",2024-11-16,"18",26,0.378887292542813
"wk inc flu hosp",2024-11-16,"20",11,0.374080187829063
"wk inc flu hosp",2024-11-16,"21",18,0.397688633661161
"wk inc flu hosp",2024-11-16,"22",84,1.83656776967866
"wk inc flu hosp",2024-11-16,"25",16,0.228525756066752
"wk inc flu hosp",2024-11-16,"24",11,0.177986241016347
"wk inc flu hosp",2024-11-16,"23",0,0
"wk inc flu hosp",2024-11-16,"26",46,0.458292356849144
"wk inc flu hosp",2024-11-16,"27",8,0.139423466537932
"wk inc flu hosp",2024-11-16,"29",29,0.468032115395416
"wk inc flu hosp",2024-11-16,"28",24,0.816412614935588
"wk inc flu hosp",2024-11-16,"30",4,0.353103604128487
"wk inc flu hosp",2024-11-16,"37",38,0.350699382243038
"wk inc flu hosp",2024-11-16,"38",1,0.127563060799106
"wk inc flu hosp",2024-11-16,"31",6,0.303278593232136
"wk inc flu hosp",2024-11-16,"33",6,0.427943574213261
"wk inc flu hosp",2024-11-16,"34",37,0.398241666174246
"wk inc flu hosp",2024-11-16,"35",21,0.993203179574446
"wk inc flu hosp",2024-11-16,"32",43,1.34620008415316
"wk inc flu hosp",2024-11-16,"36",63,0.321901306490103
"wk inc flu hosp",2024-11-16,"39",40,0.339387583590101
"wk inc flu hosp",2024-11-16,"40",13,0.320684864463775
"wk inc flu hosp",2024-11-16,"41",35,0.826766836161742
"wk inc flu hosp",2024-11-16,"42",111,0.8563702722864
"wk inc flu hosp",2024-11-16,"72",204,6.36368258824696
"wk inc flu hosp",2024-11-16,"44",0,0
"wk inc flu hosp",2024-11-16,"45",13,0.241925503693551
"wk inc flu hosp",2024-11-16,"46",0,0
"wk inc flu hosp",2024-11-16,"47",94,1.31902259303284
"wk inc flu hosp",2024-11-16,"48",223,0.731068417808289
"wk inc flu hosp",2024-11-16,"US",2535,0.756908706613362
"wk inc flu hosp",2024-11-16,"49",10,0.292591524091693
"wk inc flu hosp",2024-11-16,"51",26,0.29831230958209
"wk inc flu hosp",2024-11-16,"50",3,0.463346224654962
"wk inc flu hosp",2024-11-16,"53",22,0.281586303642191
"wk inc flu hosp",2024-11-16,"55",6,0.101506440160685
"wk inc flu hosp",2024-11-16,"54",4,0.225979635845116
"wk inc flu hosp",2024-11-16,"56",4,0.684864662181945
"wk inc flu hosp",2024-11-23,"02",5,0.681750626528826
"wk inc flu hosp",2024-11-23,"01",50,0.978767019779707
"wk inc flu hosp",2024-11-23,"05",8,0.26077897286986
"wk inc flu hosp",2024-11-23,"04",475,6.39184513595387
"wk inc flu hosp",2024-11-23,"06",479,1.2293022647161
"wk inc flu hosp",2024-11-23,"08",31,0.527425262989549
"wk inc flu hosp",2024-11-23,"09",4,0.110583504922072
"wk inc flu hosp",2024-11-23,"11",8,1.17825182776315
"wk inc flu hosp",2024-11-23,"10",7,0.678366880190718
"wk inc flu hosp",2024-11-23,"12",423,1.87079353400682
"wk inc flu hosp",2024-11-23,"13",47,0.426140472038521
"wk inc flu hosp",2024-11-23,"15",8,0.557437681951143
"wk inc flu hosp",2024-11-23,"19",4,0.124727003770497
"wk inc flu hosp",2024-11-23,"16",31,1.57782815517278
"wk inc flu hosp",2024-11-23,"17",86,0.685275945882006
"wk inc flu hosp",2024-11-23,"18",32,0.466322821591155
"wk inc flu hosp",2024-11-23,"20",17,0.578123926644916
"wk inc flu hosp",2024-11-23,"21",20,0.441876259623513
"wk inc flu hosp",2024-11-23,"22",78,1.70538435755876
"wk inc flu hosp",2024-11-23,"25",45,0.64272868893774
"wk inc flu hosp",2024-11-23,"24",16,0.258889077841959
"wk inc flu hosp",2024-11-23,"23",0,0
"wk inc flu hosp",2024-11-23,"26",56,0.557921130077219
"wk inc flu hosp",2024-11-23,"27",11,0.191707266489657
"wk inc flu hosp",2024-11-23,"29",40,0.645561538476436
"wk inc flu hosp",2024-11-23,"28",35,1.1906017301144
"wk inc flu hosp",2024-11-23,"30",1,0.0882759010321218
"wk inc flu hosp",2024-11-23,"37",31,0.286096864461426
"wk inc flu hosp",2024-11-23,"38",3,0.382689182397318
"wk inc flu hosp",2024-11-23,"31",4,0.202185728821424
"wk inc flu hosp",2024-11-23,"33",11,0.784563219390979
"wk inc flu hosp",2024-11-23,"34",47,0.505874548924042
"wk inc flu hosp",2024-11-23,"35",28,1.32427090609926
"wk inc flu hosp",2024-11-23,"32",47,1.4714279989581
"wk inc flu hosp",2024-11-23,"36",103,0.52628308838858
"wk inc flu hosp",2024-11-23,"39",40,0.339387583590101
"wk inc flu hosp",2024-11-23,"40",14,0.345352930960989
"wk inc flu hosp",2024-11-23,"41",62,1.46455839548651
"wk inc flu hosp",2024-11-23,"42",134,1.03381636474214
"wk inc flu hosp",2024-11-23,"72",96,2.99467415917504
"wk inc flu hosp",2024-11-23,"44",2,0.182488078966242
"wk inc flu hosp",2024-11-23,"45",12,0.223315849563278
"wk inc flu hosp",2024-11-23,"46",0,0
"wk inc flu hosp",2024-11-23,"47",58,0.813865004211751
"wk inc flu hosp",2024-11-23,"48",273,0.894985103415529
"wk inc flu hosp",2024-11-23,"US",3099,0.925309696960477
"wk inc flu hosp",2024-11-23,"49",20,0.585183048183387
"wk inc flu hosp",2024-11-23,"51",35,0.401574262898967
"wk inc flu hosp",2024-11-23,"50",0,0
"wk inc flu hosp",2024-11-23,"53",29,0.371181945710161
"wk inc flu hosp",2024-11-23,"55",18,0.304519320482054
"wk inc flu hosp",2024-11-23,"54",4,0.225979635845116
"wk inc flu hosp",2024-11-23,"56",8,1.36972932436389
"wk inc flu hosp",2024-11-30,"02",9,1.22715112775189
"wk inc flu hosp",2024-11-30,"01",65,1.27239712571362
"wk inc flu hosp",2024-11-30,"05",12,0.391168459304789
"wk inc flu hosp",2024-11-30,"04",541,7.27997519694957
"wk inc flu hosp",2024-11-30,"06",693,1.77851037463102
"wk inc flu hosp",2024-11-30,"08",67,1.13991911678386
"wk inc flu hosp",2024-11-30,"09",10,0.27645876230518
"wk inc flu hosp",2024-11-30,"11",6,0.883688870822361
"wk inc flu hosp",2024-11-30,"10",5,0.484547771564799
"wk inc flu hosp",2024-11-30,"12",605,2.6757212484022
"wk inc flu hosp",2024-11-30,"13",56,0.507741839024621
"wk inc flu hosp",2024-11-30,"15",14,0.975515943414501
"wk inc flu hosp",2024-11-30,"19",4,0.124727003770497
"wk inc flu hosp",2024-11-30,"16",63,3.20655399277049
"wk inc flu hosp",2024-11-30,"17",83,0.661370971025656
"wk inc flu hosp",2024-11-30,"18",41,0.597476115163667
"wk inc flu hosp",2024-11-30,"20",20,0.680145796052842
"wk inc flu hosp",2024-11-30,"21",24,0.530251511548215
"wk inc flu hosp",2024-11-30,"22",141,3.08281018481775
"wk inc flu hosp",2024-11-30,"25",63,0.899820164512835
"wk inc flu hosp",2024-11-30,"24",21,0.339791914667571
"wk inc flu hosp",2024-11-30,"23",2,0.143295011470766
"wk inc flu hosp",2024-11-30,"26",65,0.647587025982487
"wk inc flu hosp",2024-11-30,"27",18,0.313702799710348
"wk inc flu hosp",2024-11-30,"29",41,0.661700576938347
"wk inc flu hosp",2024-11-30,"28",28,0.95248138409152
"wk inc flu hosp",2024-11-30,"30",2,0.176551802064244
"wk inc flu hosp",2024-11-30,"37",43,0.396844037801333
"wk inc flu hosp",2024-11-30,"38",1,0.127563060799106
"wk inc flu hosp",2024-11-30,"31",11,0.556010754258916
"wk inc flu hosp",2024-11-30,"33",14,0.99853500649761
"wk inc flu hosp",2024-11-30,"34",67,0.721140314423635
"wk inc flu hosp",2024-11-30,"35",55,2.60124642269498
"wk inc flu hosp",2024-11-30,"32",61,1.90972570077541
"wk inc flu hosp",2024-11-30,"36",145,0.740883959381982
"wk inc flu hosp",2024-11-30,"39",55,0.466657927436389
"wk inc flu hosp",2024-11-30,"40",40,0.98672265988854
"wk inc flu hosp",2024-11-30,"41",80,1.8897527683697
"wk inc flu hosp",2024-11-30,"42",115,0.887230462278703
"wk inc flu hosp",2024-11-30,"72",279,8.70327177510247
"wk inc flu hosp",2024-11-30,"44",6,0.547464236898725
"wk inc flu hosp",2024-11-30,"45",18,0.334973774344917
"wk inc flu hosp",2024-11-30,"46",5,0.543881442547628
"wk inc flu hosp",2024-11-30,"47",60,0.841929314701812
"wk inc flu hosp",2024-11-30,"48",403,1.32116848599435
"wk inc flu hosp",2024-11-30,"US",4298,1.28331109310621
"wk inc flu hosp",2024-11-30,"49",20,0.585183048183387
"wk inc flu hosp",2024-11-30,"51",46,0.527783316952928
"wk inc flu hosp",2024-11-30,"50",3,0.463346224654962
"wk inc flu hosp",2024-11-30,"53",46,0.588771362160945
"wk inc flu hosp",2024-11-30,"55",12,0.203012880321369
"wk inc flu hosp",2024-11-30,"54",3,0.169484726883837
"wk inc flu hosp",2024-11-30,"56",7,1.1985131588184
"wk inc flu hosp",2024-12-07,"02",17,2.31795213019801
"wk inc flu hosp",2024-12-07,"01",102,1.9966847203506
"wk inc flu hosp",2024-12-07,"05",32,1.04311589147944
"wk inc flu hosp",2024-12-07,"04",829,11.155451826749
"wk inc flu hosp",2024-12-07,"06",1064,2.73064219135268
"wk inc flu hosp",2024-12-07,"08",90,1.53123463448579
"wk inc flu hosp",2024-12-07,"09",13,0.359396390996733
"wk inc flu hosp",2024-12-07,"11",2,0.294562956940787
"wk inc flu hosp",2024-12-07,"10",15,1.4536433146944
"wk inc flu hosp",2024-12-07,"12",700,3.09587582459758
"wk inc flu hosp",2024-12-07,"13",88,0.797880032752975
"wk inc flu hosp",2024-12-07,"15",20,1.39359420487786
"wk inc flu hosp",2024-12-07,"19",13,0.405362762254116
"wk inc flu hosp",2024-12-07,"16",77,3.91912154671949
"wk inc flu hosp",2024-12-07,"17",106,0.844642444924332
"wk inc flu hosp",2024-12-07,"18",65,0.947218231357033
"wk inc flu hosp",2024-12-07,"20",35,1.19025514309247
"wk inc flu hosp",2024-12-07,"21",53,1.17097208800231
"wk inc flu hosp",2024-12-07,"22",160,3.49822432319745
"wk inc flu hosp",2024-12-07,"25",83,1.18547735959627
"wk inc flu hosp",2024-12-07,"24",37,0.59868099250953
"wk inc flu hosp",2024-12-07,"23",3,0.214942517206149
"wk inc flu hosp",2024-12-07,"26",91,0.906621836375481
"wk inc flu hosp",2024-12-07,"27",40,0.697117332689662
"wk inc flu hosp",2024-12-07,"29",54,0.871508076943189
"wk inc flu hosp",2024-12-07,"28",39,1.32667049927033
"wk inc flu hosp",2024-12-07,"30",2,0.176551802064244
"wk inc flu hosp",2024-12-07,"37",65,0.599880522257829
"wk inc flu hosp",2024-12-07,"38",2,0.255126121598212
"wk inc flu hosp",2024-12-07,"31",10,0.50546432205356
"wk inc flu hosp",2024-12-07,"33",16,1.1411828645687
"wk inc flu hosp",2024-12-07,"34",109,1.17319842197278
"wk inc flu hosp",2024-12-07,"35",103,4.87142511886514
"wk inc flu hosp",2024-12-07,"32",81,2.53586527480014
"wk inc flu hosp",2024-12-07,"36",275,1.40512475055204
"wk inc flu hosp",2024-12-07,"39",91,0.77210675266748
"wk inc flu hosp",2024-12-07,"40",40,0.98672265988854
"wk inc flu hosp",2024-12-07,"41",118,2.7873853333453
"wk inc flu hosp",2024-12-07,"42",176,1.35784835966132
"wk inc flu hosp",2024-12-07,"72",440,13.7255898962189
"wk inc flu hosp",2024-12-07,"44",10,0.912440394831208
"wk inc flu hosp",2024-12-07,"45",40,0.744386165210926
"wk inc flu hosp",2024-12-07,"46",1,0.108776288509526
"wk inc flu hosp",2024-12-07,"47",115,1.61369785317847
"wk inc flu hosp",2024-12-07,"48",530,1.73751686743674
"wk inc flu hosp",2024-12-07,"US",6307,1.88316497538875
"wk inc flu hosp",2024-12-07,"49",64,1.87258575418684
"wk inc flu hosp",2024-12-07,"51",68,0.78020142506085
"wk inc flu hosp",2024-12-07,"50",0,0
"wk inc flu hosp",2024-12-07,"53",78,0.998351440185949
"wk inc flu hosp",2024-12-07,"55",27,0.456778980723081
"wk inc flu hosp",2024-12-07,"54",13,0.734433816496626
"wk inc flu hosp",2024-12-07,"56",5,0.856080827727431
"wk inc flu hosp",2024-12-14,"02",25,3.40875313264413
"wk inc flu hosp",2024-12-14,"01",193,3.77804069634967
"wk inc flu hosp",2024-12-14,"05",42,1.36908960756676
"wk inc flu hosp",2024-12-14,"04",960,12.9182554326647
"wk inc flu hosp",2024-12-14,"06",1407,3.61091500303874
"wk inc flu hosp",2024-12-14,"08",129,2.19476964276296
"wk inc flu hosp",2024-12-14,"09",24,0.663501029532431
"wk inc flu hosp",2024-12-14,"11",6,0.883688870822361
"wk inc flu hosp",2024-12-14,"10",15,1.4536433146944
"wk inc flu hosp",2024-12-14,"12",872,3.8565767414987
"wk inc flu hosp",2024-12-14,"13",214,1.94029917055837
"wk inc flu hosp",2024-12-14,"15",34,2.36911014829236
"wk inc flu hosp",2024-12-14,"19",23,0.71718027168036
"wk inc flu hosp",2024-12-14,"16",107,5.44605201946735
"wk inc flu hosp",2024-12-14,"17",240,1.91239798850792
"wk inc flu hosp",2024-12-14,"18",140,2.0401623444613
"wk inc flu hosp",2024-12-14,"20",90,3.06065608223779
"wk inc flu hosp",2024-12-14,"21",79,1.74541122551287
"wk inc flu hosp",2024-12-14,"22",256,5.59715891711592
"wk inc flu hosp",2024-12-14,"25",126,1.79964032902567
"wk inc flu hosp",2024-12-14,"24",73,1.18118141765394
"wk inc flu hosp",2024-12-14,"23",2,0.143295011470766
"wk inc flu hosp",2024-12-14,"26",167,1.66380051290885
"wk inc flu hosp",2024-12-14,"27",92,1.60336986518622
"wk inc flu hosp",2024-12-14,"29",88,1.42023538464816
"wk inc flu hosp",2024-12-14,"28",61,2.07504872962795
"wk inc flu hosp",2024-12-14,"30",6,0.529655406192731
"wk inc flu hosp",2024-12-14,"37",173,1.59660508231699
"wk inc flu hosp",2024-12-14,"38",5,0.63781530399553
"wk inc flu hosp",2024-12-14,"31",19,0.960382211901764
"wk inc flu hosp",2024-12-14,"33",22,1.56912643878196
"wk inc flu hosp",2024-12-14,"34",174,1.87281215984646
"wk inc flu hosp",2024-12-14,"35",108,5.10790206638286
"wk inc flu hosp",2024-12-14,"32",113,3.5376885932397
"wk inc flu hosp",2024-12-14,"36",434,2.21754233359848
"wk inc flu hosp",2024-12-14,"39",152,1.28967281764238
"wk inc flu hosp",2024-12-14,"40",57,1.40607979034117
"wk inc flu hosp",2024-12-14,"41",233,5.50390493787674
"wk inc flu hosp",2024-12-14,"42",268,2.06763272948428
"wk inc flu hosp",2024-12-14,"72",378,11.7915295017517
"wk inc flu hosp",2024-12-14,"44",28,2.55483310552738
"wk inc flu hosp",2024-12-14,"45",79,1.47016267629158
"wk inc flu hosp",2024-12-14,"46",8,0.870210308076204
"wk inc flu hosp",2024-12-14,"47",216,3.03094553292652
"wk inc flu hosp",2024-12-14,"48",708,2.32106026819851
"wk inc flu hosp",2024-12-14,"US",9191,2.74427925936229
"wk inc flu hosp",2024-12-14,"49",87,2.54554625959773
"wk inc flu hosp",2024-12-14,"51",140,1.60629705159587
"wk inc flu hosp",2024-12-14,"50",8,1.23558993241323
"wk inc flu hosp",2024-12-14,"53",186,2.38068420352034
"wk inc flu hosp",2024-12-14,"55",66,1.11657084176753
"wk inc flu hosp",2024-12-14,"54",21,1.18639308818686
"wk inc flu hosp",2024-12-14,"56",31,5.30770113191007
"wk inc flu hosp",2024-12-21,"02",18,2.45430225550377
"wk inc flu hosp",2024-12-21,"01",437,8.55442375287464
"wk inc flu hosp",2024-12-21,"05",59,1.92324492491521
"wk inc flu hosp",2024-12-21,"04",1492,20.077121984933
"wk inc flu hosp",2024-12-21,"06",2445,6.27483097542979
"wk inc flu hosp",2024-12-21,"08",179,3.04545555081062
"wk inc flu hosp",2024-12-21,"09",41,1.13348092545124
"wk inc flu hosp",2024-12-21,"11",20,2.94562956940787
"wk inc flu hosp",2024-12-21,"10",43,4.16711083545727
"wk inc flu hosp",2024-12-21,"12",1251,5.53277236653082
"wk inc flu hosp",2024-12-21,"13",388,3.5179255989563
"wk inc flu hosp",2024-12-21,"15",42,2.9265478302435
"wk inc flu hosp",2024-12-21,"19",42,1.30963353959022
"wk inc flu hosp",2024-12-21,"16",188,9.56876429588655
"wk inc flu hosp",2024-12-21,"17",488,3.88854257663278
"wk inc flu hosp",2024-12-21,"18",284,4.1386150416215
"wk inc flu hosp",2024-12-21,"20",120,4.08087477631705
"wk inc flu hosp",2024-12-21,"21",200,4.41876259623513
"wk inc flu hosp",2024-12-21,"22",421,9.20470275041328
"wk inc flu hosp",2024-12-21,"25",137,1.95675178632156
"wk inc flu hosp",2024-12-21,"24",131,2.11965432483104
"wk inc flu hosp",2024-12-21,"23",10,0.716475057353828
"wk inc flu hosp",2024-12-21,"26",213,2.12209286975799
"wk inc flu hosp",2024-12-21,"27",227,3.95614086301383
"wk inc flu hosp",2024-12-21,"29",249,4.01862057701581
"wk inc flu hosp",2024-12-21,"28",95,3.23163326745337
"wk inc flu hosp",2024-12-21,"30",27,2.38344932786729
"wk inc flu hosp",2024-12-21,"37",292,2.6948478846044
"wk inc flu hosp",2024-12-21,"38",8,1.02050448639285
"wk inc flu hosp",2024-12-21,"31",78,3.94262171201777
"wk inc flu hosp",2024-12-21,"33",24,1.71177429685305
"wk inc flu hosp",2024-12-21,"34",335,3.60570157211818
"wk inc flu hosp",2024-12-21,"35",207,9.79014562723382
"wk inc flu hosp",2024-12-21,"32",208,6.51185156985714
"wk inc flu hosp",2024-12-21,"36",741,3.7861725096693
"wk inc flu hosp",2024-12-21,"39",301,2.55389156651551
"wk inc flu hosp",2024-12-21,"40",105,2.59014698220742
"wk inc flu hosp",2024-12-21,"41",386,9.11805710738378
"wk inc flu hosp",2024-12-21,"42",492,3.79580336905323
"wk inc flu hosp",2024-12-21,"72",351,10.9492773944837
"wk inc flu hosp",2024-12-21,"44",23,2.09861290811178
"wk inc flu hosp",2024-12-21,"45",160,2.97754466084371
"wk inc flu hosp",2024-12-21,"46",14,1.52286803913336
"wk inc flu hosp",2024-12-21,"47",373,5.23399390639626
"wk inc flu hosp",2024-12-21,"48",1172,3.8422071106337
"wk inc flu hosp",2024-12-21,"US",15467,4.61818815194827
"wk inc flu hosp",2024-12-21,"49",163,4.7692418426946
"wk inc flu hosp",2024-12-21,"51",192,2.20292167076005
"wk inc flu hosp",2024-12-21,"50",8,1.23558993241323
"wk inc flu hosp",2024-12-21,"53",416,5.32454101432506
"wk inc flu hosp",2024-12-21,"55",120,2.03012880321369
"wk inc flu hosp",2024-12-21,"54",37,2.09031163156732
"wk inc flu hosp",2024-12-21,"56",14,2.39702631763681
"wk inc flu hosp",2024-12-28,"02",32,4.36320400978448
"wk inc flu hosp",2024-12-28,"01",667,13.0567520438613
"wk inc flu hosp",2024-12-28,"05",128,4.17246356591775
"wk inc flu hosp",2024-12-28,"04",2241,30.1560525256266
"wk inc flu hosp",2024-12-28,"06",3498,8.97724284337563
"wk inc flu hosp",2024-12-28,"08",475,8.08151612645276
"wk inc flu hosp",2024-12-28,"09",148,4.09158968211666
"wk inc flu hosp",2024-12-28,"11",38,5.59669618187495
"wk inc flu hosp",2024-12-28,"10",96,9.30331721404413
"wk inc flu hosp",2024-12-28,"12",2081,9.20359655855367
"wk inc flu hosp",2024-12-28,"13",800,7.25345484320887
"wk inc flu hosp",2024-12-28,"15",57,3.9717434839019
"wk inc flu hosp",2024-12-28,"19",118,3.67944661122967
"wk inc flu hosp",2024-12-28,"16",333,16.9489282475012
"wk inc flu hosp",2024-12-28,"17",1143,9.10779542026898
"wk inc flu hosp",2024-12-28,"18",590,8.59782702308691
"wk inc flu hosp",2024-12-28,"20",225,7.65164020559447
"wk inc flu hosp",2024-12-28,"21",515,11.3783136853054
"wk inc flu hosp",2024-12-28,"22",601,13.1402051140104
"wk inc flu hosp",2024-12-28,"25",256,3.65641209706803
"wk inc flu hosp",2024-12-28,"24",195,3.15521063619887
"wk inc flu hosp",2024-12-28,"23",30,2.14942517206148
"wk inc flu hosp",2024-12-28,"26",429,4.27407437148441
"wk inc flu hosp",2024-12-28,"27",545,9.49822365789664
"wk inc flu hosp",2024-12-28,"29",611,9.86095250022756
"wk inc flu hosp",2024-12-28,"28",212,7.21164476526436
"wk inc flu hosp",2024-12-28,"30",60,5.29655406192731
"wk inc flu hosp",2024-12-28,"37",611,5.63887690922359
"wk inc flu hosp",2024-12-28,"38",22,2.80638733758033
"wk inc flu hosp",2024-12-28,"31",131,6.62158261890164
"wk inc flu hosp",2024-12-28,"33",53,3.78016823888381
"wk inc flu hosp",2024-12-28,"34",723,7.78185742281027
"wk inc flu hosp",2024-12-28,"35",234,11.0671211438295
"wk inc flu hosp",2024-12-28,"32",255,7.98327956881524
"wk inc flu hosp",2024-12-28,"36",1541,7.87380814763886
"wk inc flu hosp",2024-12-28,"39",697,5.91382864405751
"wk inc flu hosp",2024-12-28,"40",284,7.00573088520863
"wk inc flu hosp",2024-12-28,"41",552,13.0392941017509
"wk inc flu hosp",2024-12-28,"42",1005,7.75362273556605
"wk inc flu hosp",2024-12-28,"72",655,20.4324122318714
"wk inc flu hosp",2024-12-28,"44",45,4.10598177674043
"wk inc flu hosp",2024-12-28,"45",327,6.08535690059932
"wk inc flu hosp",2024-12-28,"46",33,3.58961752081434
"wk inc flu hosp",2024-12-28,"47",747,10.4820199680376
"wk inc flu hosp",2024-12-28,"48",2049,6.71730577618468
"wk inc flu hosp",2024-12-28,"US",27749,8.2853884417413
"wk inc flu hosp",2024-12-28,"49",287,8.3973767414316
"wk inc flu hosp",2024-12-28,"51",371,4.25668718672905
"wk inc flu hosp",2024-12-28,"50",19,2.93452608948142
"wk inc flu hosp",2024-12-28,"53",541,6.92446319411024
"wk inc flu hosp",2024-12-28,"55",253,4.28018822677554
"wk inc flu hosp",2024-12-28,"54",102,5.76248071405045
"wk inc flu hosp",2024-12-28,"56",84,14.3821579058208
"wk inc flu hosp",2025-01-04,"02",62,8.45370776895744
"wk inc flu hosp",2025-01-04,"01",690,13.50698487296
"wk inc flu hosp",2025-01-04,"05",212,6.91064278105128
"wk inc flu hosp",2025-01-04,"04",2742,36.8977670795485
"wk inc flu hosp",2025-01-04,"06",3851,9.88317958543154
"wk inc flu hosp",2025-01-04,"08",760,12.9304258023244
"wk inc flu hosp",2025-01-04,"09",294,8.12788761177228
"wk inc flu hosp",2025-01-04,"11",96,14.1390219331578
"wk inc flu hosp",2025-01-04,"10",185,17.9282675478975
"wk inc flu hosp",2025-01-04,"12",2862,12.6577094428547
"wk inc flu hosp",2025-01-04,"13",1144,10.3724404257887
"wk inc flu hosp",2025-01-04,"15",125,8.70996378048662
"wk inc flu hosp",2025-01-04,"19",171,5.33207941118876
"wk inc flu hosp",2025-01-04,"16",242,12.3172391468327
"wk inc flu hosp",2025-01-04,"17",1561,12.4385552502536
"wk inc flu hosp",2025-01-04,"18",814,11.862086774225
"wk inc flu hosp",2025-01-04,"20",353,12.0045733003327
"wk inc flu hosp",2025-01-04,"21",678,14.9796052012371
"wk inc flu hosp",2025-01-04,"22",733,16.0262401806483
"wk inc flu hosp",2025-01-04,"25",520,7.42708707216943
"wk inc flu hosp",2025-01-04,"24",457,7.39451928586095
"wk inc flu hosp",2025-01-04,"23",88,6.30498050471369
"wk inc flu hosp",2025-01-04,"26",555,5.52939691415816
"wk inc flu hosp",2025-01-04,"27",952,16.5913925180139
"wk inc flu hosp",2025-01-04,"29",826,13.3308457695384
"wk inc flu hosp",2025-01-04,"28",272,9.25267630260334
"wk inc flu hosp",2025-01-04,"30",69,6.09103717121641
"wk inc flu hosp",2025-01-04,"37",942,8.69365310718268
"wk inc flu hosp",2025-01-04,"38",56,7.14353140474994
"wk inc flu hosp",2025-01-04,"31",211,10.6652971953301
"wk inc flu hosp",2025-01-04,"33",108,7.7029843358387
"wk inc flu hosp",2025-01-04,"34",1326,14.272120252623
"wk inc flu hosp",2025-01-04,"35",320,15.1345246411344
"wk inc flu hosp",2025-01-04,"32",387,12.1158007573784
"wk inc flu hosp",2025-01-04,"36",2608,13.3256921797808
"wk inc flu hosp",2025-01-04,"39",1302,11.0470658458578
"wk inc flu hosp",2025-01-04,"40",405,9.99056693137146
"wk inc flu hosp",2025-01-04,"41",536,12.661343548077
"wk inc flu hosp",2025-01-04,"42",1674,12.9149895117787
"wk inc flu hosp",2025-01-04,"72",1010,31.5064677163208
"wk inc flu hosp",2025-01-04,"44",93,8.48569567193023
"wk inc flu hosp",2025-01-04,"45",520,9.67702014774204
"wk inc flu hosp",2025-01-04,"46",47,5.1124855599477
"wk inc flu hosp",2025-01-04,"47",1065,14.9442453359572
"wk inc flu hosp",2025-01-04,"48",2519,8.25812262089273
"wk inc flu hosp",2025-01-04,"US",38769,11.5757765864668
"wk inc flu hosp",2025-01-04,"49",388,11.3525511347577
"wk inc flu hosp",2025-01-04,"51",669,7.67580519655454
"wk inc flu hosp",2025-01-04,"50",33,5.09680847120458
"wk inc flu hosp",2025-01-04,"53",531,6.79646941972742
"wk inc flu hosp",2025-01-04,"55",389,6.58100087041772
"wk inc flu hosp",2025-01-04,"54",198,11.1859919743332
"wk inc flu hosp",2025-01-04,"56",115,19.6898590377309
"wk inc flu hosp",2025-01-11,"02",39,5.31765488692484
"wk inc flu hosp",2025-01-11,"01",477,9.3374373686984
"wk inc flu hosp",2025-01-11,"05",158,5.15038471417973
"wk inc flu hosp",2025-01-11,"04",1419,19.0947963114075
"wk inc flu hosp",2025-01-11,"06",3074,7.88909219569373
"wk inc flu hosp",2025-01-11,"08",499,8.48984536231563
"wk inc flu hosp",2025-01-11,"09",247,6.82853142893793
"wk inc flu hosp",2025-01-11,"11",44,6.48038505269731
"wk inc flu hosp",2025-01-11,"10",87,8.4311312252275
"wk inc flu hosp",2025-01-11,"12",2411,10.663080875864
"wk inc flu hosp",2025-01-11,"13",823,7.46199166995112
"wk inc flu hosp",2025-01-11,"15",113,7.8738072575599
"wk inc flu hosp",2025-01-11,"19",263,8.2008004979102
"wk inc flu hosp",2025-01-11,"16",136,6.92208480979027
"wk inc flu hosp",2025-01-11,"17",1392,11.091908333346
"wk inc flu hosp",2025-01-11,"18",511,7.44659255728375
"wk inc flu hosp",2025-01-11,"20",236,8.02572039342353
"wk inc flu hosp",2025-01-11,"21",463,10.2294354102843
"wk inc flu hosp",2025-01-11,"22",463,10.1229866352526
"wk inc flu hosp",2025-01-11,"25",585,8.35547295619061
"wk inc flu hosp",2025-01-11,"24",372,6.01917105982554
"wk inc flu hosp",2025-01-11,"23",92,6.59157052765522
"wk inc flu hosp",2025-01-11,"26",625,6.22679832675468
"wk inc flu hosp",2025-01-11,"27",896,15.6154282522484
"wk inc flu hosp",2025-01-11,"29",647,10.4419578848564
"wk inc flu hosp",2025-01-11,"28",216,7.3477135344203
"wk inc flu hosp",2025-01-11,"30",63,5.56138176502368
"wk inc flu hosp",2025-01-11,"37",831,7.66924175378855
"wk inc flu hosp",2025-01-11,"38",38,4.84739631036603
"wk inc flu hosp",2025-01-11,"31",171,8.64343990711588
"wk inc flu hosp",2025-01-11,"33",90,6.41915361319892
"wk inc flu hosp",2025-01-11,"34",1074,11.5597716073281
"wk inc flu hosp",2025-01-11,"35",249,11.7765519863827
"wk inc flu hosp",2025-01-11,"32",260,8.13981446232143
"wk inc flu hosp",2025-01-11,"36",2256,11.5271324990742
"wk inc flu hosp",2025-01-11,"39",1044,8.85801593170164
"wk inc flu hosp",2025-01-11,"40",285,7.03039895170585
"wk inc flu hosp",2025-01-11,"41",319,7.53538916387416
"wk inc flu hosp",2025-01-11,"42",1594,12.2977857119326
"wk inc flu hosp",2025-01-11,"72",1249,38.961958591767
"wk inc flu hosp",2025-01-11,"44",69,6.29583872433533
"wk inc flu hosp",2025-01-11,"45",430,8.00215127601746
"wk inc flu hosp",2025-01-11,"46",50,5.43881442547628
"wk inc flu hosp",2025-01-11,"47",685,9.61202634284568
"wk inc flu hosp",2025-01-11,"48",2014,6.60256409625961
"wk inc flu hosp",2025-01-11,"US",30797,9.19547038957464
"wk inc flu hosp",2025-01-11,"49",256,7.49034301674735
"wk inc flu hosp",2025-01-11,"51",464,5.32372737100345
"wk inc flu hosp",2025-01-11,"50",35,5.40570595430788
"wk inc flu hosp",2025-01-11,"53",388,4.96615844605318
"wk inc flu hosp",2025-01-11,"55",388,6.56408313039094
"wk inc flu hosp",2025-01-11,"54",144,8.13526689042417
"wk inc flu hosp",2025-01-11,"56",62,10.6154022638201
"wk inc flu hosp",2025-01-18,"02",32,4.36320400978448
"wk inc flu hosp",2025-01-18,"01",490,9.59191679384113
"wk inc flu hosp",2025-01-18,"05",223,7.26921386874734
"wk inc flu hosp",2025-01-18,"04",1038,13.9678636865687
"wk inc flu hosp",2025-01-18,"06",3490,8.95671169907974
"wk inc flu hosp",2025-01-18,"08",441,7.50304970898035
"wk inc flu hosp",2025-01-18,"09",245,6.7732396764769
"wk inc flu hosp",2025-01-18,"11",58,8.54232575128282
"wk inc flu hosp",2025-01-18,"10",66,6.39603058465534
"wk inc flu hosp",2025-01-18,"12",2663,11.7775961727191
"wk inc flu hosp",2025-01-18,"13",992,8.994284005579
"wk inc flu hosp",2025-01-18,"15",91,6.34085363219426
"wk inc flu hosp",2025-01-18,"19",237,7.39007497340197
"wk inc flu hosp",2025-01-18,"16",123,6.2604149382662
"wk inc flu hosp",2025-01-18,"17",1338,10.6616187859317
"wk inc flu hosp",2025-01-18,"18",542,7.89834279070018
"wk inc flu hosp",2025-01-18,"20",200,6.80145796052842
"wk inc flu hosp",2025-01-18,"21",397,8.77124375352673
"wk inc flu hosp",2025-01-18,"22",490,10.7133119897922
"wk inc flu hosp",2025-01-18,"25",735,10.4979019193164
"wk inc flu hosp",2025-01-18,"24",459,7.4268804205912
"wk inc flu hosp",2025-01-18,"23",88,6.30498050471369
"wk inc flu hosp",2025-01-18,"26",496,4.94158715211251
"wk inc flu hosp",2025-01-18,"27",927,16.1556941850829
"wk inc flu hosp",2025-01-18,"29",559,9.02172250020819
"wk inc flu hosp",2025-01-18,"28",226,7.68788545731012
"wk inc flu hosp",2025-01-18,"30",80,7.06207208256975
"wk inc flu hosp",2025-01-18,"37",1104,10.1887399472714
"wk inc flu hosp",2025-01-18,"38",61,7.78134670874547
"wk inc flu hosp",2025-01-18,"31",128,6.46994332228557
"wk inc flu hosp",2025-01-18,"33",86,6.13385789705675
"wk inc flu hosp",2025-01-18,"34",1239,13.3357141726998
"wk inc flu hosp",2025-01-18,"35",250,11.8238473758863
"wk inc flu hosp",2025-01-18,"32",189,5.91701897453365
"wk inc flu hosp",2025-01-18,"36",2633,13.4534307934673
"wk inc flu hosp",2025-01-18,"39",1148,9.74042364903591
"wk inc flu hosp",2025-01-18,"40",439,10.8292811922767
"wk inc flu hosp",2025-01-18,"41",289,6.82673187573553
"wk inc flu hosp",2025-01-18,"42",2476,19.1024576052354
"wk inc flu hosp",2025-01-18,"72",554,17.2817654602393
"wk inc flu hosp",2025-01-18,"44",107,9.76311222469392
"wk inc flu hosp",2025-01-18,"45",638,11.8729593351143
"wk inc flu hosp",2025-01-18,"46",55,5.9826958680239
"wk inc flu hosp",2025-01-18,"47",568,7.97026417917715
"wk inc flu hosp",2025-01-18,"48",2425,7.94995925195112
"wk inc flu hosp",2025-01-18,"US",33019,9.85892251821168
"wk inc flu hosp",2025-01-18,"49",199,5.8225713294247
"wk inc flu hosp",2025-01-18,"51",493,5.65646033169116
"wk inc flu hosp",2025-01-18,"50",41,6.33239840361781
"wk inc flu hosp",2025-01-18,"53",357,4.56937774546646
"wk inc flu hosp",2025-01-18,"55",593,10.032219835881
"wk inc flu hosp",2025-01-18,"54",133,7.5138228918501
"wk inc flu hosp",2025-01-18,"56",84,14.3821579058208
"wk inc flu hosp",2025-01-25,"02",25,3.40875313264413
"wk inc flu hosp",2025-01-25,"01",632,12.3716151300155
"wk inc flu hosp",2025-01-25,"05",389,12.6803775557969
"wk inc flu hosp",2025-01-25,"04",960,12.9182554326647
"wk inc flu hosp",2025-01-25,"06",3905,10.0217648094288
"wk inc flu hosp",2025-01-25,"08",456,7.75825548139465
"wk inc flu hosp",2025-01-25,"09",378,10.4501412151358
"wk inc flu hosp",2025-01-25,"11",207,30.4872660433714
"wk inc flu hosp",2025-01-25,"10",88,8.52804077954045
"wk inc flu hosp",2025-01-25,"12",3158,13.9668226486845
"wk inc flu hosp",2025-01-25,"13",1186,10.7532468050571
"wk inc flu hosp",2025-01-25,"15",88,6.13181450146258
"wk inc flu hosp",2025-01-25,"19",304,9.4792522865578
"wk inc flu hosp",2025-01-25,"16",99,5.03887056006792
"wk inc flu hosp",2025-01-25,"17",1742,13.8808220665867
"wk inc flu hosp",2025-01-25,"18",788,11.4831994816822
"wk inc flu hosp",2025-01-25,"20",216,7.34557459737069
"wk inc flu hosp",2025-01-25,"21",434,9.58871483383022
"wk inc flu hosp",2025-01-25,"22",526,11.5004124625116
"wk inc flu hosp",2025-01-25,"25",991,14.1543140163844
"wk inc flu hosp",2025-01-25,"24",611,9.8863266600898
"wk inc flu hosp",2025-01-25,"23",110,7.88122563089211
"wk inc flu hosp",2025-01-25,"26",863,8.59796312958286
"wk inc flu hosp",2025-01-25,"27",928,16.1731221184002
"wk inc flu hosp",2025-01-25,"29",655,10.5710701925516
"wk inc flu hosp",2025-01-25,"28",323,10.9875531093415
"wk inc flu hosp",2025-01-25,"30",68,6.00276127018429
"wk inc flu hosp",2025-01-25,"37",1581,14.5909400875327
"wk inc flu hosp",2025-01-25,"38",89,11.3531124111204
"wk inc flu hosp",2025-01-25,"31",182,9.19945066137479
"wk inc flu hosp",2025-01-25,"33",144,10.2706457811183
"wk inc flu hosp",2025-01-25,"34",1591,17.1243916454926
"wk inc flu hosp",2025-01-25,"35",194,9.17530556368773
"wk inc flu hosp",2025-01-25,"32",196,6.1361678254423
"wk inc flu hosp",2025-01-25,"36",2942,15.032280058633
"wk inc flu hosp",2025-01-25,"39",1707,14.4833651297076
"wk inc flu hosp",2025-01-25,"40",698,17.218310415055
"wk inc flu hosp",2025-01-25,"41",272,6.42515941245697
"wk inc flu hosp",2025-01-25,"42",3065,23.6466205816019
"wk inc flu hosp",2025-01-25,"72",464,14.4742584360127
"wk inc flu hosp",2025-01-25,"44",113,10.3105764615926
"wk inc flu hosp",2025-01-25,"45",823,15.3157453492148
"wk inc flu hosp",2025-01-25,"46",88,9.57231338883825
"wk inc flu hosp",2025-01-25,"47",646,9.06477228828951
"wk inc flu hosp",2025-01-25,"48",3300,10.8185012500778
"wk inc flu hosp",2025-01-25,"US",40681,12.1466678870762
"wk inc flu hosp",2025-01-25,"49",185,5.41294319569633
"wk inc flu hosp",2025-01-25,"51",685,7.85938200245121
"wk inc flu hosp",2025-01-25,"50",58,8.95802700999592
"wk inc flu hosp",2025-01-25,"53",417,5.33734039176334
"wk inc flu hosp",2025-01-25,"55",857,14.4985032029511
"wk inc flu hosp",2025-01-25,"54",160,9.03918543380463
"wk inc flu hosp",2025-01-25,"56",89,15.2382387335483
"wk inc flu hosp",2025-02-01,"02",28,3.81780350856142
"wk inc flu hosp",2025-02-01,"01",742,14.5249025735309
"wk inc flu hosp",2025-02-01,"05",516,16.8202437501059
"wk inc flu hosp",2025-02-01,"04",807,10.8594084730837
"wk inc flu hosp",2025-02-01,"06",4418,11.3383244374024
"wk inc flu hosp",2025-02-01,"08",543,9.23844896139757
"wk inc flu hosp",2025-02-01,"09",478,13.2147288381876
"wk inc flu hosp",2025-02-01,"11",197,29.0144512586675
"wk inc flu hosp",2025-02-01,"10",140,13.5673376038144
"wk inc flu hosp",2025-02-01,"12",3627,16.0410594511649
"wk inc flu hosp",2025-02-01,"13",1373,12.4487418746572
"wk inc flu hosp",2025-02-01,"15",70,4.8775797170725
"wk inc flu hosp",2025-02-01,"19",457,14.2500601807793
"wk inc flu hosp",2025-02-01,"16",159,8.09273150556363
"wk inc flu hosp",2025-02-01,"17",2167,17.2673601712361
"wk inc flu hosp",2025-02-01,"18",1295,18.871501686267
"wk inc flu hosp",2025-02-01,"20",388,13.1948284434251
"wk inc flu hosp",2025-02-01,"21",740,16.34942160607
"wk inc flu hosp",2025-02-01,"22",635,13.8835777826899
"wk inc flu hosp",2025-02-01,"25",1290,18.4248890828819
"wk inc flu hosp",2025-02-01,"24",810,13.1062595657492
"wk inc flu hosp",2025-02-01,"23",153,10.9620683775136
"wk inc flu hosp",2025-02-01,"26",1093,10.8894249138286
"wk inc flu hosp",2025-02-01,"27",882,15.371437185807
"wk inc flu hosp",2025-02-01,"29",1039,16.7684609619254
"wk inc flu hosp",2025-02-01,"28",537,18.2672322591838
"wk inc flu hosp",2025-02-01,"30",109,9.62207321250128
"wk inc flu hosp",2025-02-01,"37",1994,18.4024886366478
"wk inc flu hosp",2025-02-01,"38",104,13.266558323107
"wk inc flu hosp",2025-02-01,"31",308,15.5683011192496
"wk inc flu hosp",2025-02-01,"33",174,12.4103636521846
"wk inc flu hosp",2025-02-01,"34",1794,19.3093391653135
"wk inc flu hosp",2025-02-01,"35",212,10.0266225747515
"wk inc flu hosp",2025-02-01,"32",178,5.57264220882005
"wk inc flu hosp",2025-02-01,"36",3091,15.7936021962049
"wk inc flu hosp",2025-02-01,"39",2480,21.0420301825863
"wk inc flu hosp",2025-02-01,"40",1116,27.5295622108903
"wk inc flu hosp",2025-02-01,"41",497,11.7400890734967
"wk inc flu hosp",2025-02-01,"42",3778,29.1474494477299
"wk inc flu hosp",2025-02-01,"72",348,10.8556938270095
"wk inc flu hosp",2025-02-01,"44",173,15.7852188305799
"wk inc flu hosp",2025-02-01,"45",1259,23.4295545500139
"wk inc flu hosp",2025-02-01,"46",139,15.119904102824
"wk inc flu hosp",2025-02-01,"47",944,13.2463545513085
"wk inc flu hosp",2025-02-01,"48",4691,15.3786634436712
"wk inc flu hosp",2025-02-01,"US",51338,15.3286702880145
"wk inc flu hosp",2025-02-01,"49",195,5.70553471978802
"wk inc flu hosp",2025-02-01,"51",1083,12.4258550491309
"wk inc flu hosp",2025-02-01,"50",84,12.9736942903389
"wk inc flu hosp",2025-02-01,"53",578,7.39804015932665
"wk inc flu hosp",2025-02-01,"55",1054,17.8312979882269
"wk inc flu hosp",2025-02-01,"54",267,15.0841406926615
"wk inc flu hosp",2025-02-01,"56",102,17.4640488856396
"wk inc flu hosp",2025-02-08,"02",26,3.54510325794989
"wk inc flu hosp",2025-02-08,"01",663,12.9784506822789
"wk inc flu hosp",2025-02-08,"05",752,24.5132234497668
"wk inc flu hosp",2025-02-08,"04",766,10.3076913139804
"wk inc flu hosp",2025-02-08,"06",3545,9.09786331611395
"wk inc flu hosp",2025-02-08,"08",622,10.5825326961129
"wk inc flu hosp",2025-02-08,"09",538,14.8734814120187
"wk inc flu hosp",2025-02-08,"11",259,38.1459029238319
"wk inc flu hosp",2025-02-08,"10",157,15.2148000271347
"wk inc flu hosp",2025-02-08,"12",3327,14.7142555263374
"wk inc flu hosp",2025-02-08,"13",1301,11.7959309387684
"wk inc flu hosp",2025-02-08,"15",83,5.78341595024311
"wk inc flu hosp",2025-02-08,"19",596,18.5843235618041
"wk inc flu hosp",2025-02-08,"16",175,8.90709442436248
"wk inc flu hosp",2025-02-08,"17",2368,18.8689934866115
"wk inc flu hosp",2025-02-08,"18",1711,24.933698366952
"wk inc flu hosp",2025-02-08,"20",479,16.2894918154656
"wk inc flu hosp",2025-02-08,"21",1188,26.2474498216366
"wk inc flu hosp",2025-02-08,"22",507,11.0849983241319
"wk inc flu hosp",2025-02-08,"25",1580,22.5669184115917
"wk inc flu hosp",2025-02-08,"24",1086,17.572096158523
"wk inc flu hosp",2025-02-08,"23",207,14.8310336872242
"wk inc flu hosp",2025-02-08,"26",1265,12.6030398133515
"wk inc flu hosp",2025-02-08,"27",689,12.0078460555794
"wk inc flu hosp",2025-02-08,"29",1315,21.2228355774128
"wk inc flu hosp",2025-02-08,"28",467,15.886028798955
"wk inc flu hosp",2025-02-08,"30",161,14.2124200661716
"wk inc flu hosp",2025-02-08,"37",2279,21.0327340034706
"wk inc flu hosp",2025-02-08,"38",127,16.2005087214865
"wk inc flu hosp",2025-02-08,"31",319,16.1243118735086
"wk inc flu hosp",2025-02-08,"33",203,14.4787575942153
"wk inc flu hosp",2025-02-08,"34",1857,19.9874263266372
"wk inc flu hosp",2025-02-08,"35",213,10.0739179642551
"wk inc flu hosp",2025-02-08,"32",222,6.95014927167445
"wk inc flu hosp",2025-02-08,"36",2952,15.0833755041077
"wk inc flu hosp",2025-02-08,"39",3211,27.2443382726954
"wk inc flu hosp",2025-02-08,"40",1051,25.9261378885714
"wk inc flu hosp",2025-02-08,"41",558,13.1810255593786
"wk inc flu hosp",2025-02-08,"42",4263,32.8892474842966
"wk inc flu hosp",2025-02-08,"72",251,7.82982514534308
"wk inc flu hosp",2025-02-08,"44",202,18.4312959755904
"wk inc flu hosp",2025-02-08,"45",1232,22.9270938884965
"wk inc flu hosp",2025-02-08,"46",207,22.5166917214718
"wk inc flu hosp",2025-02-08,"47",1067,14.9723096464472
"wk inc flu hosp",2025-02-08,"48",4193,13.7460532550231
"wk inc flu hosp",2025-02-08,"US",54359,16.23069048631
"wk inc flu hosp",2025-02-08,"49",213,6.23219946315307
"wk inc flu hosp",2025-02-08,"51",1315,15.0877187346326
"wk inc flu hosp",2025-02-08,"50",134,20.6961313679216
"wk inc flu hosp",2025-02-08,"53",751,9.61233245614933
"wk inc flu hosp",2025-02-08,"55",1149,19.4384832907711
"wk inc flu hosp",2025-02-08,"54",458,25.8746683042658
"wk inc flu hosp",2025-02-08,"56",99,16.9504003890031
"wk inc flu hosp",2025-02-15,"02",50,6.81750626528826
"wk inc flu hosp",2025-02-15,"01",415,8.12376626417157
"wk inc flu hosp",2025-02-15,"05",516,16.8202437501059
"wk inc flu hosp",2025-02-15,"04",660,8.88130060995696
"wk inc flu hosp",2025-02-15,"06",2683,6.88563251823236
"wk inc flu hosp",2025-02-15,"08",583,9.9189976878357
"wk inc flu hosp",2025-02-15,"09",499,13.7952922390285
"wk inc flu hosp",2025-02-15,"11",83,12.2243627130427
"wk inc flu hosp",2025-02-15,"10",160,15.5055286900736
"wk inc flu hosp",2025-02-15,"12",2413,10.6719262353628
"wk inc flu hosp",2025-02-15,"13",734,6.65504481864413
"wk inc flu hosp",2025-02-15,"15",79,5.50469710926754
"wk inc flu hosp",2025-02-15,"19",498,15.5285119694269
"wk inc flu hosp",2025-02-15,"16",152,7.73644772858913
"wk inc flu hosp",2025-02-15,"17",2082,16.5900525503062
"wk inc flu hosp",2025-02-15,"18",1670,24.3362222517884
"wk inc flu hosp",2025-02-15,"20",519,17.6497834075712
"wk inc flu hosp",2025-02-15,"21",1201,26.5346693903919
"wk inc flu hosp",2025-02-15,"22",407,8.89860812213351
"wk inc flu hosp",2025-02-15,"25",1448,20.681580924041
"wk inc flu hosp",2025-02-15,"24",1081,17.4911933216973
"wk inc flu hosp",2025-02-15,"23",270,19.3448265485534
"wk inc flu hosp",2025-02-15,"26",1341,13.3602184898848
"wk inc flu hosp",2025-02-15,"27",486,8.46997559217939
"wk inc flu hosp",2025-02-15,"29",1412,22.7883223082182
"wk inc flu hosp",2025-02-15,"28",265,9.01455595658046
"wk inc flu hosp",2025-02-15,"30",159,14.0358682641074
"wk inc flu hosp",2025-02-15,"37",1690,15.5968935787035
"wk inc flu hosp",2025-02-15,"38",85,10.842860167924
"wk inc flu hosp",2025-02-15,"31",311,15.7199404158657
"wk inc flu hosp",2025-02-15,"33",205,14.6214054522864
"wk inc flu hosp",2025-02-15,"34",1511,16.2633285834942
"wk inc flu hosp",2025-02-15,"35",245,11.5873704283685
"wk inc flu hosp",2025-02-15,"32",147,4.60212586908173
"wk inc flu hosp",2025-02-15,"36",2488,12.7125468340853
"wk inc flu hosp",2025-02-15,"39",3548,30.103678664442
"wk inc flu hosp",2025-02-15,"40",786,19.3891002668098
"wk inc flu hosp",2025-02-15,"41",497,11.7400890734967
"wk inc flu hosp",2025-02-15,"42",4318,33.3135750966908
"wk inc flu hosp",2025-02-15,"72",355,11.0740554844494
"wk inc flu hosp",2025-02-15,"44",180,16.4239271069617
"wk inc flu hosp",2025-02-15,"45",690,12.8406613498885
"wk inc flu hosp",2025-02-15,"46",183,19.9060607972432
"wk inc flu hosp",2025-02-15,"47",699,9.80847651627611
"wk inc flu hosp",2025-02-15,"48",2476,8.11715427127051
"wk inc flu hosp",2025-02-15,"US",46199,13.7942506259687
"wk inc flu hosp",2025-02-15,"49",201,5.88108963424304
"wk inc flu hosp",2025-02-15,"51",1190,13.6535249385649
"wk inc flu hosp",2025-02-15,"50",115,17.7616052784402
"wk inc flu hosp",2025-02-15,"53",660,8.44758910926573
"wk inc flu hosp",2025-02-15,"55",1059,17.9158866883608
"wk inc flu hosp",2025-02-15,"54",617,34.8573588291091
"wk inc flu hosp",2025-02-15,"56",72,12.327563919275
"wk inc flu hosp",2025-02-22,"02",47,6.40845588937096
"wk inc flu hosp",2025-02-22,"01",283,5.53982133195314
"wk inc flu hosp",2025-02-22,"05",355,11.5720669211
"wk inc flu hosp",2025-02-22,"04",617,8.30267041870219
"wk inc flu hosp",2025-02-22,"06",1976,5.07119264108354
"wk inc flu hosp",2025-02-22,"08",481,8.18359843541848
"wk inc flu hosp",2025-02-22,"09",364,10.0630989479085
"wk inc flu hosp",2025-02-22,"11",89,13.108051583865
"wk inc flu hosp",2025-02-22,"10",100,9.69095543129597
"wk inc flu hosp",2025-02-22,"12",1965,8.69056570762036
"wk inc flu hosp",2025-02-22,"13",450,4.08006834930499
"wk inc flu hosp",2025-02-22,"15",86,5.99245508097479
"wk inc flu hosp",2025-02-22,"19",396,12.3479733732792
"wk inc flu hosp",2025-02-22,"16",150,7.63465236373927
"wk inc flu hosp",2025-02-22,"17",1704,13.5780257184062
"wk inc flu hosp",2025-02-22,"18",1536,22.3834954363754
"wk inc flu hosp",2025-02-22,"20",401,13.6369232108595
"wk inc flu hosp",2025-02-22,"21",879,19.4204616104534
"wk inc flu hosp",2025-02-22,"22",342,7.47745449083454
"wk inc flu hosp",2025-02-22,"25",1292,18.4534548023902
"wk inc flu hosp",2025-02-22,"24",761,12.3134117648582
"wk inc flu hosp",2025-02-22,"23",265,18.9865890198765
"wk inc flu hosp",2025-02-22,"26",1545,15.3926454637376
"wk inc flu hosp",2025-02-22,"27",369,6.43090739406213
"wk inc flu hosp",2025-02-22,"29",1347,21.739284808194
"wk inc flu hosp",2025-02-22,"28",207,7.04155880381945
"wk inc flu hosp",2025-02-22,"30",203,17.9200079095207
"wk inc flu hosp",2025-02-22,"37",1169,10.7886204695293
"wk inc flu hosp",2025-02-22,"38",63,8.03647283034368
"wk inc flu hosp",2025-02-22,"31",294,14.8606510683747
"wk inc flu hosp",2025-02-22,"33",212,15.1206729555352
"wk inc flu hosp",2025-02-22,"34",1198,12.8944193534256
"wk inc flu hosp",2025-02-22,"35",232,10.9725303648224
"wk inc flu hosp",2025-02-22,"32",117,3.66291650804464
"wk inc flu hosp",2025-02-22,"36",2019,10.3161704413257
"wk inc flu hosp",2025-02-22,"39",3091,26.2261755219251
"wk inc flu hosp",2025-02-22,"40",493,12.1613567831263
"wk inc flu hosp",2025-02-22,"41",480,11.3385166102182
"wk inc flu hosp",2025-02-22,"42",3579,27.6121549956128
"wk inc flu hosp",2025-02-22,"72",240,7.4866853979376
"wk inc flu hosp",2025-02-22,"44",131,11.9529691722888
"wk inc flu hosp",2025-02-22,"45",474,8.82097605774948
"wk inc flu hosp",2025-02-22,"46",110,11.9653917360478
"wk inc flu hosp",2025-02-22,"47",531,7.45107443511103
"wk inc flu hosp",2025-02-22,"48",1754,5.75019733110197
"wk inc flu hosp",2025-02-22,"US",37854,11.3025728521271
"wk inc flu hosp",2025-02-22,"49",183,5.35442489087799
"wk inc flu hosp",2025-02-22,"51",896,10.2803011302136
"wk inc flu hosp",2025-02-22,"50",104,16.062669121372
"wk inc flu hosp",2025-02-22,"53",665,8.51158599645713
"wk inc flu hosp",2025-02-22,"55",882,14.9214467036206
"wk inc flu hosp",2025-02-22,"54",628,35.4788028276832
"wk inc flu hosp",2025-02-22,"56",98,16.7791842234576
"wk inc flu hosp",2025-03-01,"02",56,7.63560701712285
"wk inc flu hosp",2025-03-01,"01",330,6.45986233054607
"wk inc flu hosp",2025-03-01,"05",354,11.5394695494913
"wk inc flu hosp",2025-03-01,"04",619,8.32958345085357
"wk inc flu hosp",2025-03-01,"06",1426,3.65967647074146
"wk inc flu hosp",2025-03-01,"08",381,6.48222661932316
"wk inc flu hosp",2025-03-01,"09",278,7.68555359208399
"wk inc flu hosp",2025-03-01,"11",113,16.6428070671545
"wk inc flu hosp",2025-03-01,"10",88,8.52804077954045
"wk inc flu hosp",2025-03-01,"12",1534,6.78439073561813
"wk inc flu hosp",2025-03-01,"13",435,3.94406607099482
"wk inc flu hosp",2025-03-01,"15",67,4.66854058634083
"wk inc flu hosp",2025-03-01,"19",351,10.9447945808611
"wk inc flu hosp",2025-03-01,"16",124,6.31131262069113
"wk inc flu hosp",2025-03-01,"17",1310,10.4385056872724
"wk inc flu hosp",2025-03-01,"18",1156,16.8459119299805
"wk inc flu hosp",2025-03-01,"20",305,10.3722233898058
"wk inc flu hosp",2025-03-01,"21",743,16.4157030450135
"wk inc flu hosp",2025-03-01,"22",372,8.13337155143406
"wk inc flu hosp",2025-03-01,"25",1068,15.2540942174557
"wk inc flu hosp",2025-03-01,"24",548,8.86695091608709
"wk inc flu hosp",2025-03-01,"23",208,14.9026811929596
"wk inc flu hosp",2025-03-01,"26",1383,13.7786593374428
"wk inc flu hosp",2025-03-01,"27",279,4.86239339551039
"wk inc flu hosp",2025-03-01,"29",861,13.8957121157053
"wk inc flu hosp",2025-03-01,"28",154,5.23864761250336
"wk inc flu hosp",2025-03-01,"30",176,15.5365585816534
"wk inc flu hosp",2025-03-01,"37",917,8.46292982939121
"wk inc flu hosp",2025-03-01,"38",47,5.99546385755798
"wk inc flu hosp",2025-03-01,"31",197,9.95764714445513
"wk inc flu hosp",2025-03-01,"33",190,13.5515465167533
"wk inc flu hosp",2025-03-01,"34",932,10.031384672281
"wk inc flu hosp",2025-03-01,"35",183,8.65505627914874
"wk inc flu hosp",2025-03-01,"32",97,3.03677693401992
"wk inc flu hosp",2025-03-01,"36",1604,8.19570945412896
"wk inc flu hosp",2025-03-01,"39",2559,21.7123206601767
"wk inc flu hosp",2025-03-01,"40",334,8.23913421006931
"wk inc flu hosp",2025-03-01,"41",321,7.58263298308341
"wk inc flu hosp",2025-03-01,"42",3019,23.2917283966905
"wk inc flu hosp",2025-03-01,"72",310,9.67030197233607
"wk inc flu hosp",2025-03-01,"44",107,9.76311222469392
"wk inc flu hosp",2025-03-01,"45",442,8.22546712558074
"wk inc flu hosp",2025-03-01,"46",89,9.68108967734777
"wk inc flu hosp",2025-03-01,"47",526,7.38091365888588
"wk inc flu hosp",2025-03-01,"48",1520,4.98306724246009
"wk inc flu hosp",2025-03-01,"US",30779,9.19009588988271
"wk inc flu hosp",2025-03-01,"49",123,3.59887574632783
"wk inc flu hosp",2025-03-01,"51",714,8.19211496313893
"wk inc flu hosp",2025-03-01,"50",65,10.0391682008575
"wk inc flu hosp",2025-03-01,"53",424,5.42693603383131
"wk inc flu hosp",2025-03-01,"55",781,13.2127549609158
"wk inc flu hosp",2025-03-01,"54",511,28.8688984792135
"wk inc flu hosp",2025-03-01,"56",46,7.87594361509236
"wk inc flu hosp",2025-03-08,"02",58,7.90830726773438
"wk inc flu hosp",2025-03-08,"01",315,6.16623222461215
"wk inc flu hosp",2025-03-08,"05",327,10.6593405160555
"wk inc flu hosp",2025-03-08,"04",468,6.29764952342403
"wk inc flu hosp",2025-03-08,"06",1047,2.68701350972392
"wk inc flu hosp",2025-03-08,"08",311,5.29126634805644
"wk inc flu hosp",2025-03-08,"09",187,5.16977885510686
"wk inc flu hosp",2025-03-08,"11",112,16.4955255886841
"wk inc flu hosp",2025-03-08,"10",55,5.33002548721278
"wk inc flu hosp",2025-03-08,"12",1217,5.38240125505037
"wk inc flu hosp",2025-03-08,"13",385,3.49072514329427
"wk inc flu hosp",2025-03-08,"15",63,4.38982174536525
"wk inc flu hosp",2025-03-08,"19",264,8.23198224885282
"wk inc flu hosp",2025-03-08,"16",90,4.58079141824356
"wk inc flu hosp",2025-03-08,"17",958,7.63365530412746
"wk inc flu hosp",2025-03-08,"18",871,12.6927243001842
"wk inc flu hosp",2025-03-08,"20",250,8.50182245066052
"wk inc flu hosp",2025-03-08,"21",602,13.3004754146677
"wk inc flu hosp",2025-03-08,"22",413,9.02979153425341
"wk inc flu hosp",2025-03-08,"25",744,10.626447657104
"wk inc flu hosp",2025-03-08,"24",379,6.1324350313814
"wk inc flu hosp",2025-03-08,"23",200,14.3295011470766
"wk inc flu hosp",2025-03-08,"26",979,9.75365689902853
"wk inc flu hosp",2025-03-08,"27",195,3.3984469968621
"wk inc flu hosp",2025-03-08,"29",692,11.1682146156423
"wk inc flu hosp",2025-03-08,"28",172,5.85095707370505
"wk inc flu hosp",2025-03-08,"30",145,12.8000056496577
"wk inc flu hosp",2025-03-08,"37",821,7.57695244267196
"wk inc flu hosp",2025-03-08,"38",31,3.95445488477229
"wk inc flu hosp",2025-03-08,"31",153,7.73360412741947
"wk inc flu hosp",2025-03-08,"33",145,10.3419697101538
"wk inc flu hosp",2025-03-08,"34",606,6.52255269463765
"wk inc flu hosp",2025-03-08,"35",178,8.41857933163102
"wk inc flu hosp",2025-03-08,"32",79,2.47325131739766
"wk inc flu hosp",2025-03-08,"36",1273,6.50445020891906
"wk inc flu hosp",2025-03-08,"39",1905,16.1633336684786
"wk inc flu hosp",2025-03-08,"40",201,4.95828136593991
"wk inc flu hosp",2025-03-08,"41",207,4.88973528815659
"wk inc flu hosp",2025-03-08,"42",2339,18.045496097999
"wk inc flu hosp",2025-03-08,"72",263,8.20415941523996
"wk inc flu hosp",2025-03-08,"44",65,5.93086256640285
"wk inc flu hosp",2025-03-08,"45",407,7.57412923102118
"wk inc flu hosp",2025-03-08,"46",53,5.76514329100485
"wk inc flu hosp",2025-03-08,"47",477,6.6933380518794
"wk inc flu hosp",2025-03-08,"48",1180,3.86843378033086
"wk inc flu hosp",2025-03-08,"US",23845,7.1197191752251
"wk inc flu hosp",2025-03-08,"49",121,3.54035744150949
"wk inc flu hosp",2025-03-08,"51",556,6.3792940049093
"wk inc flu hosp",2025-03-08,"50",43,6.64129588672111
"wk inc flu hosp",2025-03-08,"53",244,3.12304809494066
"wk inc flu hosp",2025-03-08,"55",501,8.47578775341717
"wk inc flu hosp",2025-03-08,"54",456,25.7616784863432
"wk inc flu hosp",2025-03-08,"56",39,6.67743045627396
"wk inc flu hosp",2025-03-15,"02",32,4.36320400978448
"wk inc flu hosp",2025-03-15,"01",273,5.3440679279972
"wk inc flu hosp",2025-03-15,"05",228,7.432200726791
"wk inc flu hosp",2025-03-15,"04",359,4.83088927117356
"wk inc flu hosp",2025-03-15,"06",969,2.48683485283905
"wk inc flu hosp",2025-03-15,"08",215,3.65794940460493
"wk inc flu hosp",2025-03-15,"09",147,4.06394380588614
"wk inc flu hosp",2025-03-15,"11",92,13.5498960192762
"wk inc flu hosp",2025-03-15,"10",45,4.36092994408319
"wk inc flu hosp",2025-03-15,"12",1046,4.62612301789867
"wk inc flu hosp",2025-03-15,"13",352,3.1915201310119
"wk inc flu hosp",2025-03-15,"15",56,3.902063773658
"wk inc flu hosp",2025-03-15,"19",185,5.7686239243855
"wk inc flu hosp",2025-03-15,"16",99,5.03887056006792
"wk inc flu hosp",2025-03-15,"17",697,5.55392249162509
"wk inc flu hosp",2025-03-15,"18",580,8.45210114133968
"wk inc flu hosp",2025-03-15,"20",159,5.40715907862009
"wk inc flu hosp",2025-03-15,"21",483,10.6713116699078
"wk inc flu hosp",2025-03-15,"22",342,7.47745449083454
"wk inc flu hosp",2025-03-15,"25",416,5.94166965773555
"wk inc flu hosp",2025-03-15,"24",277,4.48201716013891
"wk inc flu hosp",2025-03-15,"23",115,8.23946315956903
"wk inc flu hosp",2025-03-15,"26",704,7.01386563525647
"wk inc flu hosp",2025-03-15,"27",158,2.75361346412416
"wk inc flu hosp",2025-03-15,"29",439,7.08503788477889
"wk inc flu hosp",2025-03-15,"28",190,6.46326653490674
"wk inc flu hosp",2025-03-15,"30",113,9.97517681662977
"wk inc flu hosp",2025-03-15,"37",665,6.13723918925317
"wk inc flu hosp",2025-03-15,"38",36,4.59227018876782
"wk inc flu hosp",2025-03-15,"31",80,4.04371457642848
"wk inc flu hosp",2025-03-15,"33",79,5.63459039380794
"wk inc flu hosp",2025-03-15,"34",460,4.95111260649063
"wk inc flu hosp",2025-03-15,"35",141,6.66864991999985
"wk inc flu hosp",2025-03-15,"32",88,2.75501412570879
"wk inc flu hosp",2025-03-15,"36",1103,5.63582763585053
"wk inc flu hosp",2025-03-15,"39",1330,11.2846371543709
"wk inc flu hosp",2025-03-15,"40",117,2.88616378017398
"wk inc flu hosp",2025-03-15,"41",185,4.37005327685492
"wk inc flu hosp",2025-03-15,"42",1595,12.3055007594307
"wk inc flu hosp",2025-03-15,"72",335,10.4501650346212
"wk inc flu hosp",2025-03-15,"44",57,5.20091025053788
"wk inc flu hosp",2025-03-15,"45",266,4.95016799865266
"wk inc flu hosp",2025-03-15,"46",26,2.82818350124766
"wk inc flu hosp",2025-03-15,"47",461,6.46882356795892
"wk inc flu hosp",2025-03-15,"48",886,2.90460366896029
"wk inc flu hosp",2025-03-15,"US",18244,5.44735402108646
"wk inc flu hosp",2025-03-15,"49",102,2.98443354573527
"wk inc flu hosp",2025-03-15,"51",514,5.89740488943054
"wk inc flu hosp",2025-03-15,"50",32,4.94235972965292
"wk inc flu hosp",2025-03-15,"53",192,2.45748046815003
"wk inc flu hosp",2025-03-15,"55",326,5.51518324873054
"wk inc flu hosp",2025-03-15,"54",347,19.6037334095638
"wk inc flu hosp",2025-03-15,"56",44,7.53351128400139
"wk inc flu hosp",2025-03-22,"02",9,1.22715112775189
"wk inc flu hosp",2025-03-22,"01",172,3.36695854804219
"wk inc flu hosp",2025-03-22,"05",134,4.36804779557015
"wk inc flu hosp",2025-03-22,"04",289,3.88893314587509
"wk inc flu hosp",2025-03-22,"06",604,1.5501013943393
"wk inc flu hosp",2025-03-22,"08",148,2.51803028782107
"wk inc flu hosp",2025-03-22,"09",118,3.26221339520112
"wk inc flu hosp",2025-03-22,"11",60,8.83688870822361
"wk inc flu hosp",2025-03-22,"10",33,3.19801529232767
"wk inc flu hosp",2025-03-22,"12",841,3.71947366926652
"wk inc flu hosp",2025-03-22,"13",227,2.05816781176052
"wk inc flu hosp",2025-03-22,"15",33,2.29943043804847
"wk inc flu hosp",2025-03-22,"19",95,2.96226633954931
"wk inc flu hosp",2025-03-22,"16",74,3.76642849944471
"wk inc flu hosp",2025-03-22,"17",464,3.69730277778198
"wk inc flu hosp",2025-03-22,"18",387,5.63959162361803
"wk inc flu hosp",2025-03-22,"20",113,3.84282374769856
"wk inc flu hosp",2025-03-22,"21",325,7.18048921888208
"wk inc flu hosp",2025-03-22,"22",324,7.08390425447483
"wk inc flu hosp",2025-03-22,"25",267,3.81352355436392
"wk inc flu hosp",2025-03-22,"24",189,3.05812723200814
"wk inc flu hosp",2025-03-22,"23",74,5.30191542441833
"wk inc flu hosp",2025-03-22,"26",776,7.73119280249861
"wk inc flu hosp",2025-03-22,"27",182,3.17188386373796
"wk inc flu hosp",2025-03-22,"29",237,3.82495211547288
"wk inc flu hosp",2025-03-22,"28",100,3.40171922889829
"wk inc flu hosp",2025-03-22,"30",81,7.15034798360187
"wk inc flu hosp",2025-03-22,"37",410,3.78386175578015
"wk inc flu hosp",2025-03-22,"38",23,2.93395039837944
"wk inc flu hosp",2025-03-22,"31",57,2.88114663570529
"wk inc flu hosp",2025-03-22,"33",43,3.06692894852837
"wk inc flu hosp",2025-03-22,"34",35,0.376715089624287
"wk inc flu hosp",2025-03-22,"35",94,4.44576661333323
"wk inc flu hosp",2025-03-22,"32",80,2.5045582960989
"wk inc flu hosp",2025-03-22,"36",843,4.30734605351042
"wk inc flu hosp",2025-03-22,"39",698,5.92231333364727
"wk inc flu hosp",2025-03-22,"40",53,1.30740752435232
"wk inc flu hosp",2025-03-22,"41",79,1.86613085876507
"wk inc flu hosp",2025-03-22,"42",1168,9.01117547775239
"wk inc flu hosp",2025-03-22,"72",233,7.26832374049776
"wk inc flu hosp",2025-03-22,"44",28,2.55483310552738
"wk inc flu hosp",2025-03-22,"45",181,3.36834739757944
"wk inc flu hosp",2025-03-22,"46",14,1.52286803913336
"wk inc flu hosp",2025-03-22,"47",283,3.97109993434355
"wk inc flu hosp",2025-03-22,"48",559,1.83258854508894
"wk inc flu hosp",2025-03-22,"US",12294,3.67078328958764
"wk inc flu hosp",2025-03-22,"49",76,2.22369558309687
"wk inc flu hosp",2025-03-22,"51",325,3.72890386977612
"wk inc flu hosp",2025-03-22,"50",31,4.78791098810127
"wk inc flu hosp",2025-03-22,"53",147,1.88150848342737
"wk inc flu hosp",2025-03-22,"55",170,2.87601580455273
"wk inc flu hosp",2025-03-22,"54",275,15.5360999643517
"wk inc flu hosp",2025-03-22,"56",30,5.13648496636458
